-- MySQL Script generated by MySQL Workbench
-- Wed Dec 13 10:24:33 2023
-- Model: New Model    Version: 1.0
-- MySQL Workbench Forward Engineering

SET @OLD_UNIQUE_CHECKS = @@UNIQUE_CHECKS, UNIQUE_CHECKS = 0;
SET @OLD_FOREIGN_KEY_CHECKS = @@FOREIGN_KEY_CHECKS, FOREIGN_KEY_CHECKS = 0;
SET @OLD_SQL_MODE = @@SQL_MODE, SQL_MODE =
        'ONLY_FULL_GROUP_BY,STRICT_TRANS_TABLES,NO_ZERO_IN_DATE,NO_ZERO_DATE,ERROR_FOR_DIVISION_BY_ZERO,NO_ENGINE_SUBSTITUTION';

-- -----------------------------------------------------
-- Schema vacation_rental_db
-- -----------------------------------------------------

-- -----------------------------------------------------
-- Schema vacation_rental_db
-- -----------------------------------------------------
CREATE SCHEMA IF NOT EXISTS `vacation_rental_db` DEFAULT CHARACTER SET utf8 ;
USE `vacation_rental_db` ;

-- -----------------------------------------------------
-- Table `vacation_rental_db`.`users`
-- -----------------------------------------------------
DROP TABLE IF EXISTS `vacation_rental_db`.`users`;

CREATE TABLE IF NOT EXISTS `vacation_rental_db`.`users`
(
    `id`       INT UNSIGNED NOT NULL AUTO_INCREMENT,
    `email`    VARCHAR(254) NOT NULL,
    `password` VARCHAR(64)  NOT NULL,
    `forename` VARCHAR(64)  NOT NULL,
    `surname`  VARCHAR(100) NOT NULL,
    PRIMARY KEY (`id`)
)
    ENGINE = InnoDB;

CREATE UNIQUE INDEX `ID_UNIQUE` ON `vacation_rental_db`.`users` (`id` ASC);

CREATE UNIQUE INDEX `email_UNIQUE` ON `vacation_rental_db`.`users` (`email` ASC);


-- -----------------------------------------------------
-- Table `vacation_rental_db`.`houses`
-- -----------------------------------------------------
DROP TABLE IF EXISTS `vacation_rental_db`.`houses`;

CREATE TABLE IF NOT EXISTS `vacation_rental_db`.`houses`
(
    `id`           INT UNSIGNED      NOT NULL AUTO_INCREMENT,
    `name`         VARCHAR(64)       NOT NULL,
    `description`  LONGTEXT          NOT NULL,
    `price`        DECIMAL UNSIGNED  NOT NULL,
    `max_person`   SMALLINT UNSIGNED NOT NULL,
    `postal_code`  VARCHAR(10)       NOT NULL,
    `city`         VARCHAR(45)       NOT NULL,
    `street`       VARCHAR(64)       NOT NULL,
    `house_number` SMALLINT UNSIGNED NOT NULL,
    `square_meter` INT UNSIGNED      NOT NULL,
    `room_count`   SMALLINT UNSIGNED NOT NULL,
    `is_disabled`  TINYINT           NOT NULL DEFAULT 1,
    `owner_id`     INT UNSIGNED      NOT NULL,
    PRIMARY KEY (`id`),
    CONSTRAINT `fk_House_User1`
        FOREIGN KEY (`owner_id`)
            REFERENCES `vacation_rental_db`.`users` (`id`)
            ON DELETE NO ACTION
            ON UPDATE NO ACTION
)
    ENGINE = InnoDB;

CREATE UNIQUE INDEX `ID_UNIQUE` ON `vacation_rental_db`.`houses` (`id` ASC);

CREATE INDEX `fk_House_User1_idx` ON `vacation_rental_db`.`houses` (`owner_id` ASC);


-- -----------------------------------------------------
-- Table `vacation_rental_db`.`tags`
-- -----------------------------------------------------
DROP TABLE IF EXISTS `vacation_rental_db`.`tags`;

CREATE TABLE IF NOT EXISTS `vacation_rental_db`.`tags`
(
    `id`       INT UNSIGNED NOT NULL AUTO_INCREMENT,
    `name`     VARCHAR(45)  NOT NULL,
    `house_id` INT UNSIGNED NOT NULL,
    PRIMARY KEY (`id`),
    CONSTRAINT `fk_Tag_House1`
        FOREIGN KEY (`house_id`)
            REFERENCES `vacation_rental_db`.`houses` (`id`)
            ON DELETE CASCADE
            ON UPDATE NO ACTION
)
    ENGINE = InnoDB;

CREATE UNIQUE INDEX `ID_UNIQUE` ON `vacation_rental_db`.`tags` (`id` ASC);

CREATE INDEX `fk_Tag_House1_idx` ON `vacation_rental_db`.`tags` (`house_id` ASC);

CREATE UNIQUE INDEX `house_tag_constraint` ON `vacation_rental_db`.`tags` (`name` ASC, `house_id` ASC);


-- -----------------------------------------------------
-- Table `vacation_rental_db`.`typetables`
-- -----------------------------------------------------
DROP TABLE IF EXISTS `vacation_rental_db`.`typetables`;

CREATE TABLE IF NOT EXISTS `vacation_rental_db`.`typetables`
(
    `id`   INT UNSIGNED NOT NULL AUTO_INCREMENT,
    `type` VARCHAR(20)  NOT NULL,
    PRIMARY KEY (`id`)
)
    ENGINE = InnoDB;

CREATE UNIQUE INDEX `ID_UNIQUE` ON `vacation_rental_db`.`typetables` (`id` ASC);


-- -----------------------------------------------------
-- Table `vacation_rental_db`.`images`
-- -----------------------------------------------------
DROP TABLE IF EXISTS `vacation_rental_db`.`images`;

CREATE TABLE IF NOT EXISTS `vacation_rental_db`.`images`
(
    `id`           INT UNSIGNED NOT NULL AUTO_INCREMENT,
    `uuid`         VARCHAR(60)  NOT NULL,
    `house_id`     INT UNSIGNED NOT NULL,
    `typetable_id` INT UNSIGNED NOT NULL,
    PRIMARY KEY (`id`),
    CONSTRAINT `fk_Image_House1`
        FOREIGN KEY (`house_id`)
            REFERENCES `vacation_rental_db`.`houses` (`id`)
            ON DELETE CASCADE
            ON UPDATE NO ACTION,
    CONSTRAINT `fk_Image_Typetable1`
        FOREIGN KEY (`typetable_id`)
            REFERENCES `vacation_rental_db`.`typetables` (`id`)
            ON DELETE NO ACTION
            ON UPDATE NO ACTION
)
    ENGINE = InnoDB;

CREATE UNIQUE INDEX `ID_UNIQUE` ON `vacation_rental_db`.`images` (`id` ASC);

CREATE INDEX `fk_Image_House1_idx` ON `vacation_rental_db`.`images` (`house_id` ASC);

CREATE INDEX `fk_Image_Typetable1_idx` ON `vacation_rental_db`.`images` (`typetable_id` ASC);


-- -----------------------------------------------------
-- Table `vacation_rental_db`.`bookings`
-- -----------------------------------------------------
DROP TABLE IF EXISTS `vacation_rental_db`.`bookings`;

CREATE TABLE IF NOT EXISTS `vacation_rental_db`.`bookings`
(
    `id`           INT UNSIGNED NOT NULL AUTO_INCREMENT,
    `is_confirmed` TINYINT      NOT NULL DEFAULT 0,
    `booked_at`    TIMESTAMP    NULL,
    `user_id`      INT UNSIGNED NOT NULL,
    PRIMARY KEY (`id`),
    CONSTRAINT `fk_Booking_User1`
        FOREIGN KEY (`user_id`)
            REFERENCES `vacation_rental_db`.`users` (`id`)
            ON DELETE NO ACTION
            ON UPDATE NO ACTION
)
    ENGINE = InnoDB;

CREATE UNIQUE INDEX `ID_UNIQUE` ON `vacation_rental_db`.`bookings` (`id` ASC);

CREATE INDEX `fk_Booking_User1_idx` ON `vacation_rental_db`.`bookings` (`user_id` ASC);


-- -----------------------------------------------------
-- Table `vacation_rental_db`.`options`
-- -----------------------------------------------------
DROP TABLE IF EXISTS `vacation_rental_db`.`options`;

CREATE TABLE IF NOT EXISTS `vacation_rental_db`.`options`
(
    `id`          INT          NOT NULL AUTO_INCREMENT,
    `name`        VARCHAR(45)  NOT NULL,
    `description` TEXT         NOT NULL,
    `price`       DECIMAL      NOT NULL,
    `is_disabled` TINYINT      NOT NULL DEFAULT 1,
    `house_id`    INT UNSIGNED NOT NULL,
    `image_id`    INT UNSIGNED NOT NULL,
    PRIMARY KEY (`id`),
    CONSTRAINT `fk_Option_House1`
        FOREIGN KEY (`house_id`)
            REFERENCES `vacation_rental_db`.`houses` (`id`)
            ON DELETE CASCADE
            ON UPDATE NO ACTION,
    CONSTRAINT `fk_Option_Image1`
        FOREIGN KEY (`image_id`)
            REFERENCES `vacation_rental_db`.`images` (`id`)
            ON DELETE NO ACTION
            ON UPDATE NO ACTION
)
    ENGINE = InnoDB;

CREATE UNIQUE INDEX `ID_UNIQUE` ON `vacation_rental_db`.`options` (`id` ASC);

CREATE INDEX `fk_Option_House1_idx` ON `vacation_rental_db`.`options` (`house_id` ASC);

CREATE INDEX `fk_Option_Image1_idx` ON `vacation_rental_db`.`options` (`image_id` ASC);


-- -----------------------------------------------------
-- Table `vacation_rental_db`.`bookingpositions`
-- -----------------------------------------------------
DROP TABLE IF EXISTS `vacation_rental_db`.`bookingpositions`;

CREATE TABLE IF NOT EXISTS `vacation_rental_db`.`bookingpositions`
(
    `id`                INT UNSIGNED NOT NULL AUTO_INCREMENT,
    `date_start`        DATE         NOT NULL,
    `date_end`          DATE         NOT NULL,
    `price_detail_list` TEXT         NULL,
    `house_id`          INT UNSIGNED NOT NULL,
    `booking_id`        INT UNSIGNED NOT NULL,
    PRIMARY KEY (`id`),
    CONSTRAINT `fk_Bookingposition_House1`
        FOREIGN KEY (`house_id`)
            REFERENCES `vacation_rental_db`.`houses` (`id`)
            ON DELETE NO ACTION
            ON UPDATE NO ACTION,
    CONSTRAINT `fk_Bookingposition_Booking1`
        FOREIGN KEY (`booking_id`)
            REFERENCES `vacation_rental_db`.`bookings` (`id`)
            ON DELETE NO ACTION
            ON UPDATE NO ACTION
)
    ENGINE = InnoDB;

CREATE UNIQUE INDEX `ID_UNIQUE` ON `vacation_rental_db`.`bookingpositions` (`id` ASC);

CREATE INDEX `fk_Bookingposition_House1_idx` ON `vacation_rental_db`.`bookingpositions` (`house_id` ASC);

CREATE INDEX `fk_Bookingposition_Booking1_idx` ON `vacation_rental_db`.`bookingpositions` (`booking_id` ASC);


-- -----------------------------------------------------
-- Table `vacation_rental_db`.`features`
-- -----------------------------------------------------
DROP TABLE IF EXISTS `vacation_rental_db`.`features`;

CREATE TABLE IF NOT EXISTS `vacation_rental_db`.`features`
(
    `id`       INT UNSIGNED NOT NULL AUTO_INCREMENT,
    `name`     VARCHAR(45)  NOT NULL,
    `category` VARCHAR(45)  NOT NULL,
    PRIMARY KEY (`id`)
)
    ENGINE = InnoDB;

CREATE UNIQUE INDEX `id_UNIQUE` ON `vacation_rental_db`.`features` (`id` ASC);


-- -----------------------------------------------------
-- Table `vacation_rental_db`.`houses_has_features`
-- -----------------------------------------------------
DROP TABLE IF EXISTS `vacation_rental_db`.`houses_has_features`;

CREATE TABLE IF NOT EXISTS `vacation_rental_db`.`houses_has_features`
(
    `houses_id`   INT UNSIGNED NOT NULL,
    `features_id` INT UNSIGNED NOT NULL,
    PRIMARY KEY (`houses_id`, `features_id`),
    CONSTRAINT `fk_houses_has_features_houses1`
        FOREIGN KEY (`houses_id`)
            REFERENCES `vacation_rental_db`.`houses` (`id`)
            ON DELETE NO ACTION
            ON UPDATE NO ACTION,
    CONSTRAINT `fk_houses_has_features_features1`
        FOREIGN KEY (`features_id`)
            REFERENCES `vacation_rental_db`.`features` (`id`)
            ON DELETE NO ACTION
            ON UPDATE NO ACTION
)
    ENGINE = InnoDB;

CREATE INDEX `fk_houses_has_features_features1_idx` ON `vacation_rental_db`.`houses_has_features` (`features_id` ASC);

CREATE INDEX `fk_houses_has_features_houses1_idx` ON `vacation_rental_db`.`houses_has_features` (`houses_id` ASC);


-- -----------------------------------------------------
-- Data for table `vacation_rental_db`.`users`
-- -----------------------------------------------------
START TRANSACTION;
USE `vacation_rental_db`;
INSERT INTO `vacation_rental_db`.`users` (`id`, `email`, `password`, `forename`, `surname`)
VALUES (1, 'admin@admin.com', '$2y$10$j3rZkvF.yhHt9IqpKgH4iuzJiEkRCrxBT2PCEBBgbG1xcGLx23YfW', 'admina', 'admin');

COMMIT;


-- -----------------------------------------------------
-- Data for table `vacation_rental_db`.`typetables`
-- -----------------------------------------------------
START TRANSACTION;
USE `vacation_rental_db`;
INSERT INTO `vacation_rental_db`.`typetables` (`id`, `type`)
VALUES (1, 'front');
INSERT INTO `vacation_rental_db`.`typetables` (`id`, `type`)
VALUES (2, 'layout');
INSERT INTO `vacation_rental_db`.`typetables` (`id`, `type`)
VALUES (3, 'option');
INSERT INTO `vacation_rental_db`.`typetables` (`id`, `type`)
VALUES (4, 'other');

COMMIT;


-- -----------------------------------------------------
-- Data for table `vacation_rental_db`.`features`
-- -----------------------------------------------------
START TRANSACTION;
USE `vacation_rental_db`;
INSERT INTO `vacation_rental_db`.`features` (`id`, `name`, `category`)
VALUES (1, 'Föhn', 'Bad');
INSERT INTO `vacation_rental_db`.`features` (`id`, `name`, `category`)
VALUES (2, 'Badewanne', 'Bad');
INSERT INTO `vacation_rental_db`.`features` (`id`, `name`, `category`)
VALUES (3, 'Dusche', 'Bad');
INSERT INTO `vacation_rental_db`.`features` (`id`, `name`, `category`)
VALUES (4, 'Waschmaschine', 'Bad');
INSERT INTO `vacation_rental_db`.`features` (`id`, `name`, `category`)
VALUES (5, 'Spülmaschine', 'Küche');
INSERT INTO `vacation_rental_db`.`features` (`id`, `name`, `category`)
VALUES (6, 'Toaster', 'Küche');
INSERT INTO `vacation_rental_db`.`features` (`id`, `name`, `category`)
VALUES (7, 'Mikrowelle', 'Küche');
INSERT INTO `vacation_rental_db`.`features` (`id`, `name`, `category`)
VALUES (8, 'Eierkocher', 'Küche');
INSERT INTO `vacation_rental_db`.`features` (`id`, `name`, `category`)
VALUES (9, 'WLAN', 'Multimedia');
INSERT INTO `vacation_rental_db`.`features` (`id`, `name`, `category`)
VALUES (10, 'TV', 'Multimedia');
INSERT INTO `vacation_rental_db`.`features` (`id`, `name`, `category`)
VALUES (11, 'Garten', 'Outdoor');
INSERT INTO `vacation_rental_db`.`features` (`id`, `name`, `category`)
VALUES (12, 'Schaukel', 'Outdoor');
INSERT INTO `vacation_rental_db`.`features` (`id`, `name`, `category`)
VALUES (13, 'Strandkorb', 'Outdoor');
INSERT INTO `vacation_rental_db`.`features` (`id`, `name`, `category`)
VALUES (14, 'Pool', 'Outdoor');
INSERT INTO `vacation_rental_db`.`features` (`id`, `name`, `category`)
VALUES (15, 'Parkplatz', 'Outdoor');
INSERT INTO `vacation_rental_db`.`features` (`id`, `name`, `category`)
VALUES (16, 'Auto-Ladestation', 'Outdoor');
INSERT INTO `vacation_rental_db`.`features` (`id`, `name`, `category`)
VALUES (17, 'Klimaanlage', 'Sonstiges');
INSERT INTO `vacation_rental_db`.`features` (`id`, `name`, `category`)
VALUES (18, 'Grill', 'Sonstiges');
INSERT INTO `vacation_rental_db`.`features` (`id`, `name`, `category`)
VALUES (19, 'Kinderstuhl', 'Sonstiges');
INSERT INTO `vacation_rental_db`.`features` (`id`, `name`, `category`)
VALUES (20, 'Haustiere erlaubt', 'Sonstiges');
INSERT INTO `vacation_rental_db`.`features` (`id`, `name`, `category`)
VALUES (21, 'Meerblick', 'Sonstiges');
INSERT INTO `vacation_rental_db`.`features` (`id`, `name`, `category`)
VALUES (22, 'Nichtraucher', 'Sonstiges');
INSERT INTO `vacation_rental_db`.`features` (`id`, `name`, `category`)
VALUES (23, 'Whirlpool', 'Wellness');
INSERT INTO `vacation_rental_db`.`features` (`id`, `name`, `category`)
VALUES (24, 'Sauna', 'Wellness');
INSERT INTO `vacation_rental_db`.`features` (`id`, `name`, `category`)
VALUES (25, 'Kamin', 'Wellness');
INSERT INTO `vacation_rental_db`.`features` (`id`, `name`, `category`)
VALUES (26, 'Fußbodenheizung', 'Wellness');
INSERT INTO `vacation_rental_db`.`features` (`id`, `name`, `category`)
VALUES (27, 'Massagesessel', 'Wellness');

COMMIT;


-- -----------------------------------------------------
-- Data for table `vacation_rental_db`.`house`
-- -----------------------------------------------------
START TRANSACTION;
USE `vacation_rental_db`;

INSERT INTO vacation_rental_db.houses (id, name, description, price, max_person, postal_code, city, street, house_number, square_meter, room_count, is_disabled, owner_id) VALUES (1, 'Modernes Ferienhaus mit Garten & Terrasse, 300m zum Strand', 'Die Ferienhaus \'Tu Hus in Linde Eck\' steht in zweiter Reihe und ist ruhig gelegen. Bei einer Größe von 55 m², bietet es Platz für drei Personen. Ein Wohnzimmer, 2 Schlafzimmer (Doppelbett und Einzelbett) sowie Küche, Bad/WC und eine Südterrasse. Der Parkplatz befindet sich direkt am Haus.

Das Bad ist mit einer Barriere freien Dusche ausgestattet. Die moderne Einbauküche besitzt einen großen Geschirrspüler, Backofen, Mikrowelle, Cerankochfeld und einen Kühlschrank mit Gefrierfach. (Kinderbesteck vorhanden). So steht einer Selbstversorgung nichts im Wege.
Im unmittelbaren Umfeld kann man aber auch verschiedene Restaurants aufsuchen. Gerne geben wir Ihnen da auch persönlich einige Empfehlungen.

Das Wohnzimmer ist mit einem Kamin ausgestattet und zur Unterhaltung finden sie einen Flachbildschirm sowie den passenden Blue Ray DVD Player (Full HD) und eine Stereoanlage mit ipod Station und MP3 Player.

DSL steht Ihnen selbstverständlich kostenfrei zur Verfügung.


Zum Haus gehört ein Abstellraum für Fahrräder sowie Gartenmöbel, ein Sonnenschirm und ein Grill. Einen Windschutz für den Strand stellen wir Ihnen frei zur Verfügung.

Der Strand, das Ortszentrum, der Bäcker sowie Einkaufsmöglichkeiten sind innerhalb von 5 - 10min. zu erreichen.
Für die Kleinen, findet sich der öffentliche Spielplatz vor der Tür. Falls sie keine eigenen Fahrräder mitbringen möchten, der nächste Fahrradverleih liegt nur 50 m entfernt.
Heil- und Kuranwendungen, sowie Sauna Besuche, können Sie ganzjährig im nahen Kurmittelzentrum nutzen - auch hier geben wir Ihnen gerne einige Empfehlungen.', 44, 3, '46684', 'Kiel', 'Wiesenstraße', 4, 45, 4, 0, 1);
INSERT INTO vacation_rental_db.options (id, name, description, price, is_disabled, house_id, image_id) VALUES (1, 'Blumenstrauß', 'Sie erhalten einen schönen Blumenstrauß, der bei Ihrer Ankunft im Haus auf Sie wartet. Eine romantische Überraschung für Ihren Partner oder Ihre Partnerin.', 15, 0, 1, 6);
INSERT INTO vacation_rental_db.options (id, name, description, price, is_disabled, house_id, image_id) VALUES (2, 'Wellness-Paket', 'Wellness-Paket in einem Wellness-Center. Sie erhalten eine Auswahl an Behandlungen, wie z.B. eine Gesichtsbehandlung, eine Maniküre, eine Pediküre, eine Massage oder eine Aromatherapie. Das Wellness-Center ist modern und sauber und verfügt über einen Pool, eine Sauna und einen Fitnessraum. Das Wellness-Paket dauert etwa 2,5 Stunden und findet jeden Nachmittag um 14 Uhr statt. Ein Shuttlebus bringt Sie hin und zurück.', 50, 0, 1, 7);
INSERT INTO vacation_rental_db.options (id, name, description, price, is_disabled, house_id, image_id) VALUES (3, 'Massage', 'Eine professionelle Masseurin kommt zu Ihnen ins Haus und bietet Ihnen eine entspannende Massage an. Die Massage ist individuell auf Ihre Bedürfnisse abgestimmt und dauert etwa eine Stunde. Die Massage findet jeden Tag um 16 Uhr im Schlafzimmer des Hauses statt. Sie erhalten eine Liege, ein Handtuch und ein Massageöl.', 20, 0, 1, 8);
INSERT INTO vacation_rental_db.options (id, name, description, price, is_disabled, house_id, image_id) VALUES (4, 'Fahrradtour', 'Ein erfahrener Fahrradführer zeigt Ihnen die schönsten Orte und Landschaften in der Umgebung. Die Fahrradtour ist für alle Schwierigkeitsgrade geeignet und dauert etwa 3 Stunden. Die Fahrradtour startet jeden Tag um 10 Uhr vor dem Haus. Sie erhalten ein Fahrrad, einen Helm und eine Trinkflasche.', 15, 0, 1, 9);
INSERT INTO vacation_rental_db.houses_has_features (houses_id, features_id) VALUES (1, 1);
INSERT INTO vacation_rental_db.houses_has_features (houses_id, features_id) VALUES (1, 3);
INSERT INTO vacation_rental_db.houses_has_features (houses_id, features_id) VALUES (1, 4);
INSERT INTO vacation_rental_db.houses_has_features (houses_id, features_id) VALUES (1, 5);
INSERT INTO vacation_rental_db.houses_has_features (houses_id, features_id) VALUES (1, 8);
INSERT INTO vacation_rental_db.houses_has_features (houses_id, features_id) VALUES (1, 9);
INSERT INTO vacation_rental_db.houses_has_features (houses_id, features_id) VALUES (1, 10);
INSERT INTO vacation_rental_db.houses_has_features (houses_id, features_id) VALUES (1, 11);
INSERT INTO vacation_rental_db.houses_has_features (houses_id, features_id) VALUES (1, 12);
INSERT INTO vacation_rental_db.houses_has_features (houses_id, features_id) VALUES (1, 13);
INSERT INTO vacation_rental_db.houses_has_features (houses_id, features_id) VALUES (1, 15);
INSERT INTO vacation_rental_db.houses_has_features (houses_id, features_id) VALUES (1, 18);
INSERT INTO vacation_rental_db.houses_has_features (houses_id, features_id) VALUES (1, 20);
INSERT INTO vacation_rental_db.houses_has_features (houses_id, features_id) VALUES (1, 21);
INSERT INTO vacation_rental_db.houses_has_features (houses_id, features_id) VALUES (1, 25);
INSERT INTO vacation_rental_db.houses_has_features (houses_id, features_id) VALUES (1, 26);
INSERT INTO vacation_rental_db.images (id, uuid, house_id, typetable_id) VALUES (1, '1_front.webp', 1, 1);
INSERT INTO vacation_rental_db.images (id, uuid, house_id, typetable_id) VALUES (2, '1_layout.webp', 1, 2);
INSERT INTO vacation_rental_db.images (id, uuid, house_id, typetable_id) VALUES (3, '1_other_1.webp', 1, 4);
INSERT INTO vacation_rental_db.images (id, uuid, house_id, typetable_id) VALUES (4, '1_other_2.webp', 1, 4);
INSERT INTO vacation_rental_db.images (id, uuid, house_id, typetable_id) VALUES (5, '1_other_3.webp', 1, 4);
INSERT INTO vacation_rental_db.images (id, uuid, house_id, typetable_id) VALUES (6, 'option_1.webp', 1, 3);
INSERT INTO vacation_rental_db.images (id, uuid, house_id, typetable_id) VALUES (7, 'option_2.webp', 1, 3);
INSERT INTO vacation_rental_db.images (id, uuid, house_id, typetable_id) VALUES (8, 'option_3.webp', 1, 3);
INSERT INTO vacation_rental_db.images (id, uuid, house_id, typetable_id) VALUES (9, 'option_4.webp', 1, 3);
INSERT INTO vacation_rental_db.tags (name, house_id) VALUES ('Meer', 1);
INSERT INTO vacation_rental_db.tags (name, house_id) VALUES ('Strand', 1);
INSERT INTO vacation_rental_db.tags (name, house_id) VALUES ('Wasser', 1);
INSERT INTO vacation_rental_db.tags (name, house_id) VALUES ('Wassersport', 1);
INSERT INTO vacation_rental_db.tags (name, house_id) VALUES ('Erholung', 1);
INSERT INTO vacation_rental_db.tags (name, house_id) VALUES ('Wellness', 1);


INSERT INTO vacation_rental_db.houses (id, name, description, price, max_person, postal_code, city, street, house_number, square_meter, room_count, is_disabled, owner_id) VALUES (2, 'Kleine gemütliche Ferienwohnung mit gepflegtem grünen Grundstück', 'Für einen gemütlichen Abend steht Ihnen ein Fernseher zur Verfügung.
Genießen Sie Ihre Ferien in vollen Zügen, bei schönem Wetter auch gerne draußen auf der Terrasse. Für unsere Gäste steht ein PKW - Stellplatz zur Verfügung.
Das ist auch toll: Bettwäsche und Geschirrhandtücher sind inklusive.
Haustiere sind bei uns leider nicht erlaubt. Das Rauchen ist in dieser Ferienwohnung ebenfalls nicht gestattet.', 58, 2, '87795', 'Dortmund', 'Waldweg', 2, 65, 2, 0, 1);
INSERT INTO vacation_rental_db.options (id, name, description, price, is_disabled, house_id, image_id) VALUES (5, 'Ohrstöpsel', 'Ohrstöpsel, die Sie benutzen können, um den Lärm etwas zu dämpfen. Die Ohrstöpsel sind aus Schaumstoff und passen sich Ihrem Ohr an. Die Ohrstöpsel liegen im Schlafzimmer auf dem Kopfkissen.', 2, 0, 2, 15);
INSERT INTO vacation_rental_db.options (id, name, description, price, is_disabled, house_id, image_id) VALUES (6, 'Reinigungsmittel', 'Ein Set von Reinigungsmitteln, die Sie benutzen können, um das Haus etwas sauberer zu machen. Die Reinigungsmittel bestehen aus einem Schwamm, einem Lappen, einem Besen, einem Eimer und einer Flasche Allzweckreiniger. Die Reinigungsmittel liegen im Badezimmer unter dem Waschbecken.', 9, 0, 2, 16);
INSERT INTO vacation_rental_db.options (id, name, description, price, is_disabled, house_id, image_id) VALUES (7, 'Taxi', 'Ein Taxi, das Sie zum nächsten Bahnhof oder Flughafen bringt. Ein Taxi ist ein Auto mit einem Fahrer, der Sie abholt und zu Ihrem Ziel bringt. Das Taxi ist schnell und bequem und spart Ihnen Zeit und Nerven. Das Taxi ist jeden Tag von 8 Uhr bis 20 Uhr verfügbar und kann an der Rezeption des Hauses bestellt werden.', 15, 0, 2, 17);
INSERT INTO vacation_rental_db.options (id, name, description, price, is_disabled, house_id, image_id) VALUES (8, 'Grillabend', 'Ein professioneller Grillmeister bereitet für Sie ein leckeres Grillmenü zu. Sie erhalten eine Auswahl an Fleisch, Wurst, Gemüse und Salat. Der Grillabend findet jeden Abend um 18 Uhr im Garten des Hauses statt. Sie erhalten einen Grill, eine Schürze und ein Besteck.', 25, 0, 2, 18);
INSERT INTO vacation_rental_db.houses_has_features (houses_id, features_id) VALUES (2, 2);
INSERT INTO vacation_rental_db.houses_has_features (houses_id, features_id) VALUES (2, 4);
INSERT INTO vacation_rental_db.houses_has_features (houses_id, features_id) VALUES (2, 5);
INSERT INTO vacation_rental_db.houses_has_features (houses_id, features_id) VALUES (2, 7);
INSERT INTO vacation_rental_db.houses_has_features (houses_id, features_id) VALUES (2, 9);
INSERT INTO vacation_rental_db.houses_has_features (houses_id, features_id) VALUES (2, 10);
INSERT INTO vacation_rental_db.houses_has_features (houses_id, features_id) VALUES (2, 11);
INSERT INTO vacation_rental_db.houses_has_features (houses_id, features_id) VALUES (2, 12);
INSERT INTO vacation_rental_db.houses_has_features (houses_id, features_id) VALUES (2, 15);
INSERT INTO vacation_rental_db.houses_has_features (houses_id, features_id) VALUES (2, 18);
INSERT INTO vacation_rental_db.houses_has_features (houses_id, features_id) VALUES (2, 19);
INSERT INTO vacation_rental_db.houses_has_features (houses_id, features_id) VALUES (2, 22);
INSERT INTO vacation_rental_db.images (id, uuid, house_id, typetable_id) VALUES (10, '2_front.webp', 2, 1);
INSERT INTO vacation_rental_db.images (id, uuid, house_id, typetable_id) VALUES (11, '2_layout.webp', 2, 2);
INSERT INTO vacation_rental_db.images (id, uuid, house_id, typetable_id) VALUES (12, '2_other_1.webp', 2, 4);
INSERT INTO vacation_rental_db.images (id, uuid, house_id, typetable_id) VALUES (13, '2_other_2.webp', 2, 4);
INSERT INTO vacation_rental_db.images (id, uuid, house_id, typetable_id) VALUES (14, '2_other_3.webp', 2, 4);
INSERT INTO vacation_rental_db.images (id, uuid, house_id, typetable_id) VALUES (15, 'option_5.webp', 2, 3);
INSERT INTO vacation_rental_db.images (id, uuid, house_id, typetable_id) VALUES (16, 'option_6.webp', 2, 3);
INSERT INTO vacation_rental_db.images (id, uuid, house_id, typetable_id) VALUES (17, 'option_7.webp', 2, 3);
INSERT INTO vacation_rental_db.images (id, uuid, house_id, typetable_id) VALUES (18, 'option_8.webp', 2, 3);
INSERT INTO vacation_rental_db.tags (name, house_id) VALUES ('Grün', 2);
INSERT INTO vacation_rental_db.tags (name, house_id) VALUES ('Pott', 2);
INSERT INTO vacation_rental_db.tags (name, house_id) VALUES ('Ruhrgebiet', 2);
INSERT INTO vacation_rental_db.tags (name, house_id) VALUES ('Nordstadt', 2);


INSERT INTO vacation_rental_db.houses (id, name, description, price, max_person, postal_code, city, street, house_number, square_meter, room_count, is_disabled, owner_id) VALUES (3, 'Wellnessresidenz Störtebeker WG 9 Nähe zum Strand', 'Exklusiv eingerichtete Ferienwohnug über zwei Etagen (49qm) für 2 Personen. Die Wohnung verfügt über 1 Wohn- und Essraum mit anschließendem Südbalkon und hochwertiger Küchenzeile (inkl. Geschirrspüler), 1 Schlafzimmer mit Doppelbett, 1 geräumiges Badezimmer mit Dusche/WC und anschließendem Südbalkon sowie allem Komfort wie Fußbodenheizung, Fernseher in Wohn- und Schlafzimmer und die Nutzung des hauseigenen Wellnessbereichs. (Bitte die dann vor Ort geltenden Öffnungszeiten beachten)

Zu den bereits o.g. Ausstattungsmerkmalen, bietet die Wohnung noch folgende Highlights:

1 Schlafzimmer mit Doppelbett und TV
Bad mit Dusche
Fußbodenheizung
1 Babyreisebett (Länge 1,20m) ist vorhanden, Matratze muss mitgebracht werden
2 Balkone:
Südbalkon mit Tisch und Stühle
Ostbalkon mit Liegen
1 Tiefgaragenstellplatz
Fahrradkeller
Nichtraucherwohnung
Mückengitter
Waschmaschinennutzung gegen Gebühr
Handtücher und Bettwäsche vorhanden, können aber auch selbst mitgebracht werden
(Gebühr entfällt)', 88, 4, '48755', 'Helgoland', 'Alterweg', 7, 85, 3, 0, 1);
INSERT INTO vacation_rental_db.options (id, name, description, price, is_disabled, house_id, image_id) VALUES (9, 'Garage', 'Hier steht ihr Auto immer im Trockenen und sie müssen sich keine Sorgen um Witterung machen', 99, 0, 3, 24);
INSERT INTO vacation_rental_db.options (id, name, description, price, is_disabled, house_id, image_id) VALUES (10, 'Spielplatz', 'Kein Bock mehr auf ihre Kinder, sperren Sie sie einfach für einen Tag auf dem Spielplatz ein. Durch abgelegene Lage werden weder Sie noch ihre Nachbarn durch lautes Schreien oder ähnliches gestört.', 25, 0, 3, 25);
INSERT INTO vacation_rental_db.options (id, name, description, price, is_disabled, house_id, image_id) VALUES (11, 'Sauna', 'Nehmen Sie die Sauna überall mit hin wo sie hinfahren', 10, 0, 3, 26);
INSERT INTO vacation_rental_db.options (id, name, description, price, is_disabled, house_id, image_id) VALUES (12, 'Fitness', 'Anabolika vergessen? Kein Problem, hier können Sie auch mal auf die altmodische art Trainieren.', 9, 0, 3, 27);
INSERT INTO vacation_rental_db.options (id, name, description, price, is_disabled, house_id, image_id) VALUES (13, 'Kayak', 'Entspannen Sie einen Tag alleine. Da wir nur ein Kayak anbieten, können Sie sich sicher sein, dass Sie auf dem See von niemanden sonst gestört werden.', 35, 0, 3, 28);
INSERT INTO vacation_rental_db.houses_has_features (houses_id, features_id) VALUES (3, 1);
INSERT INTO vacation_rental_db.houses_has_features (houses_id, features_id) VALUES (3, 3);
INSERT INTO vacation_rental_db.houses_has_features (houses_id, features_id) VALUES (3, 4);
INSERT INTO vacation_rental_db.houses_has_features (houses_id, features_id) VALUES (3, 7);
INSERT INTO vacation_rental_db.houses_has_features (houses_id, features_id) VALUES (3, 9);
INSERT INTO vacation_rental_db.houses_has_features (houses_id, features_id) VALUES (3, 10);
INSERT INTO vacation_rental_db.houses_has_features (houses_id, features_id) VALUES (3, 11);
INSERT INTO vacation_rental_db.houses_has_features (houses_id, features_id) VALUES (3, 15);
INSERT INTO vacation_rental_db.houses_has_features (houses_id, features_id) VALUES (3, 16);
INSERT INTO vacation_rental_db.houses_has_features (houses_id, features_id) VALUES (3, 17);
INSERT INTO vacation_rental_db.houses_has_features (houses_id, features_id) VALUES (3, 19);
INSERT INTO vacation_rental_db.houses_has_features (houses_id, features_id) VALUES (3, 21);
INSERT INTO vacation_rental_db.houses_has_features (houses_id, features_id) VALUES (3, 22);
INSERT INTO vacation_rental_db.houses_has_features (houses_id, features_id) VALUES (3, 23);
INSERT INTO vacation_rental_db.houses_has_features (houses_id, features_id) VALUES (3, 24);
INSERT INTO vacation_rental_db.houses_has_features (houses_id, features_id) VALUES (3, 26);
INSERT INTO vacation_rental_db.houses_has_features (houses_id, features_id) VALUES (3, 27);
INSERT INTO vacation_rental_db.images (id, uuid, house_id, typetable_id) VALUES (19, '3_front.webp', 3, 1);
INSERT INTO vacation_rental_db.images (id, uuid, house_id, typetable_id) VALUES (20, '3_layout.webp', 3, 2);
INSERT INTO vacation_rental_db.images (id, uuid, house_id, typetable_id) VALUES (21, '3_other_1.webp', 3, 4);
INSERT INTO vacation_rental_db.images (id, uuid, house_id, typetable_id) VALUES (22, '3_other_2.webp', 3, 4);
INSERT INTO vacation_rental_db.images (id, uuid, house_id, typetable_id) VALUES (23, '3_other_3.webp', 3, 4);
INSERT INTO vacation_rental_db.images (id, uuid, house_id, typetable_id) VALUES (24, 'option_9.webp', 3, 3);
INSERT INTO vacation_rental_db.images (id, uuid, house_id, typetable_id) VALUES (25, 'option_10.webp', 3, 3);
INSERT INTO vacation_rental_db.images (id, uuid, house_id, typetable_id) VALUES (26, 'option_11.webp', 3, 3);
INSERT INTO vacation_rental_db.images (id, uuid, house_id, typetable_id) VALUES (27, 'option_12.webp', 3, 3);
INSERT INTO vacation_rental_db.images (id, uuid, house_id, typetable_id) VALUES (28, 'option_13.webp', 3, 3);
INSERT INTO vacation_rental_db.tags (name, house_id) VALUES ('Doppelbett', 3);
INSERT INTO vacation_rental_db.tags (name, house_id) VALUES ('Mückengitter', 3);
INSERT INTO vacation_rental_db.tags (name, house_id) VALUES ('Wellness', 3);
INSERT INTO vacation_rental_db.tags (name, house_id) VALUES ('Wellnessresidenz', 3);
INSERT INTO vacation_rental_db.tags (name, house_id) VALUES ('Südbalkon', 3);


INSERT INTO vacation_rental_db.houses (id, name, description, price, max_person, postal_code, city, street, house_number, square_meter, room_count, is_disabled, owner_id) VALUES (4, 'Gemütliche Ferienwohnung mit Lehmputzen', 'Ferienwohnung Seeigel, 30qm, Wohnzimmer, 1 Schlafzimmer, Küche, Bad, TV, WLAN, Terrasse mit Gartenmöbeln, Lehmputze, Parkplatz 20m vom Haus, waldnahes, ruhiges Grundstück, alter Baumbestand, zum Nordstrand 1,5km ( mit dem Fahrrad 5min.), zum Weststrand im Nationalpark 6km ( 30min mit dem Fahrrad)

Die Mehrzahl meiner Gäste hatte eine glückliche Zeit. In seltenen Fällen gab es Enttäuschungen. Ob die Ferienwohnung Seeigel für Sie das richtige Urlaubsdomizil ist, hängt auch von ihren persönlichen Ansprüchen und Erwartungen ab.

Um es gleich vorwegzunehmen – ja, es gibt hier auch Spinnen. Vielleicht etwas mehr als woanders, was mit der wunderschönen 200-jährigen Eiche direkt am Haus zusammenhängt.

Die ursprünglich als Blitzableiter gepflanzte Eiche ist in gut 2 Jahrhunderten zu einem beeindruckenden Baum mit Charakter herangewachsen. Manche Gäste erinnert sie an den Zauberwald in“ Herr der Ringe“.
Ihre märchenhafte Erscheinung verdankt sie einer Wucherung in 2-3 m Höhe, mit der sie laut Auskunft mehrerer Förster gut leben kann. In manchen Jahren nisten Ringeltauben in den oberen Stockwerken der Krone.
Mit seiner rauen Rinde bietet die Eiche einer Vielzahl an Käfern, Insekten und auch Spinnen einen willkommenen Lebensraum. Die wenigen Meter bis zum Haus sind für sie kein Hindernis. So gut es geht entferne ich bei jeder Endreinigung die in den Wohnungen befindlichen Spinnen und Spinnweben. Sie vollständig und auf Dauer zu entfernen ist allerdings eine unlösbare Aufgabe. Ich habe es schon mit einem Ultraschall-Störsender versucht, angeblich mit hoher Wirksamkeit gegenüber den in Europa heimischen Spinnen. Es hat nicht funktioniert.

Das Grundstück ist nicht eingezäunt und hat eine natürliche Begrenzung durch den Wald und alte Dünen, gut zu erkennen an den Dünenkiefern mit ihrem eigenwilligen Wuchs. Die offizielle Straße und die Zufahrt Schmiedeberge 18 sind ausgefahrene Sandwege, bei Trockenheit staubig und bei Regen matschig.

Fahrradverleih 400m, Bäcker 800m, Edeka 1km, nächster Strand 1,7km. Den Westrand, der zu den schönsten Stränden Europas zählt, erreicht man in 20-30min mit dem Fahrrad (6km). Der Weg dorthin führt durch einen der letzten Urwälder Europas. Durch den schnellen Wechsel von Wald- und Seeluft bei der Fahrt zum Strand genießen Sie intensiv die Vorzüge des Reizklimas, das für seine belebende und heilende Wirkung bekannt ist.', 80, 3, '4', 'Bremen', 'Bahnhof', 3, 22, 4, 0, 1);
INSERT INTO vacation_rental_db.options (id, name, description, price, is_disabled, house_id, image_id) VALUES (14, 'Sauna', 'Die Sauna ist aus Holz gebaut und hat eine angenehme Temperatur. Sie liegt im Keller des Hauses und ist mit Handtüchern und einem Wasserkocher ausgestattet.', 10, 0, 4, 34);
INSERT INTO vacation_rental_db.options (id, name, description, price, is_disabled, house_id, image_id) VALUES (15, 'Weinprobe', 'Ein erfahrener Sommelier zeigt Ihnen die verschiedenen Rebsorten und Geschmacksrichtungen. Die Weinprobe findet jeden Abend um 18 Uhr im Weinkeller des Hauses statt. Sie erhalten ein Weinglas und eine Käseplatte.', 20, 0, 4, 35);
INSERT INTO vacation_rental_db.options (id, name, description, price, is_disabled, house_id, image_id) VALUES (16, 'Kochkurs', 'Ein professioneller Koch zeigt Ihnen, wie Sie typische Gerichte zubereiten und welche Zutaten Sie verwenden. Der Kochkurs dauert etwa 2 Stunden und findet jeden Nachmittag um 16 Uhr in der Küche des Hauses statt. Sie erhalten eine Schürze, ein Kochbuch und eine Portion des gekochten Essens.', 15, 0, 4, 36);
INSERT INTO vacation_rental_db.options (id, name, description, price, is_disabled, house_id, image_id) VALUES (17, 'Kamin', 'Der Kamin ist aus Stein gebaut und hat eine gemütliche Atmosphäre. Er liegt im Wohnzimmer des Hauses und ist mit Holz und Streichhölzern ausgestattet.', 10, 0, 4, 37);
INSERT INTO vacation_rental_db.houses_has_features (houses_id, features_id) VALUES (4, 1);
INSERT INTO vacation_rental_db.houses_has_features (houses_id, features_id) VALUES (4, 3);
INSERT INTO vacation_rental_db.houses_has_features (houses_id, features_id) VALUES (4, 4);
INSERT INTO vacation_rental_db.houses_has_features (houses_id, features_id) VALUES (4, 5);
INSERT INTO vacation_rental_db.houses_has_features (houses_id, features_id) VALUES (4, 6);
INSERT INTO vacation_rental_db.houses_has_features (houses_id, features_id) VALUES (4, 7);
INSERT INTO vacation_rental_db.houses_has_features (houses_id, features_id) VALUES (4, 10);
INSERT INTO vacation_rental_db.houses_has_features (houses_id, features_id) VALUES (4, 14);
INSERT INTO vacation_rental_db.houses_has_features (houses_id, features_id) VALUES (4, 17);
INSERT INTO vacation_rental_db.houses_has_features (houses_id, features_id) VALUES (4, 19);
INSERT INTO vacation_rental_db.houses_has_features (houses_id, features_id) VALUES (4, 24);
INSERT INTO vacation_rental_db.images (id, uuid, house_id, typetable_id) VALUES (29, '4_front.webp', 4, 1);
INSERT INTO vacation_rental_db.images (id, uuid, house_id, typetable_id) VALUES (30, '4_layout.webp', 4, 2);
INSERT INTO vacation_rental_db.images (id, uuid, house_id, typetable_id) VALUES (31, '4_other_1.webp', 4, 4);
INSERT INTO vacation_rental_db.images (id, uuid, house_id, typetable_id) VALUES (32, '4_other_2.webp', 4, 4);
INSERT INTO vacation_rental_db.images (id, uuid, house_id, typetable_id) VALUES (33, '4_other_3.webp', 4, 4);
INSERT INTO vacation_rental_db.images (id, uuid, house_id, typetable_id) VALUES (34, 'option_14.webp', 4, 3);
INSERT INTO vacation_rental_db.images (id, uuid, house_id, typetable_id) VALUES (35, 'option_15.webp', 4, 3);
INSERT INTO vacation_rental_db.images (id, uuid, house_id, typetable_id) VALUES (36, 'option_16.webp', 4, 3);
INSERT INTO vacation_rental_db.images (id, uuid, house_id, typetable_id) VALUES (37, 'option_17.webp', 4, 3);
INSERT INTO vacation_rental_db.tags (name, house_id) VALUES ('Spinnen', 4);
INSERT INTO vacation_rental_db.tags (name, house_id) VALUES ('Eiche', 4);
INSERT INTO vacation_rental_db.tags (name, house_id) VALUES ('Käfer', 4);
INSERT INTO vacation_rental_db.tags (name, house_id) VALUES ('Edeka', 4);
INSERT INTO vacation_rental_db.tags (name, house_id) VALUES ('Fahrrad', 4);
INSERT INTO vacation_rental_db.tags (name, house_id) VALUES ('Strand', 4);
INSERT INTO vacation_rental_db.tags (name, house_id) VALUES ('Dünenkiefern', 4);
INSERT INTO vacation_rental_db.tags (name, house_id) VALUES ('Dünen', 4);



INSERT INTO vacation_rental_db.houses (id, name, description, price, max_person, postal_code, city, street, house_number, square_meter, room_count, is_disabled, owner_id) VALUES (5, 'Modernes Ferienhaus mit Charme', 'Niedliches Ferienhaus mit 2 Schlafgelegenheiten im Umland von Freiburg. Verleben Sie Ihren Urlaub in entspannter, moderner Atmosphäre. Das Haus ist mit allem Komfort der heutigen Zeit eingerichtet. In der Küche finden Sie Spülmaschine, Herd, Backofen und Mikrowelle. Das Badezimmer besitzt eine ebenerdige Dusche. Das im Obergeschoß befindliche Schlafzimmer verfügt über ein Doppelbett. Im Wohnzimmer, welches mit dem Bad und der Küche sich im Erdgeschoss befindet, ist mit einer Couch ausgestattet.

2021 fanden die derzeit letzten Renovierungsarbeiten statt.
', 29, 4, '79106', 'Freiburg', 'Brunnegasse', 7, 58, 7, 0, 1);
INSERT INTO vacation_rental_db.options (id, name, description, price, is_disabled, house_id, image_id) VALUES (19, 'Reitstunde', 'Ein qualifizierter Reitlehrer zeigt Ihnen die Grundlagen oder gibt Ihnen Tipps. Die Reitstunde dauert etwa eine Stunde und findet jeden Tag um 10 Uhr auf dem Reiterhof neben dem Haus statt. Sie erhalten eine Reitausrüstung mit Helm, Stiefeln und Handschuhe', 30, 0, 5, 44);
INSERT INTO vacation_rental_db.options (id, name, description, price, is_disabled, house_id, image_id) VALUES (20, 'Pizza', 'Die Pizza ist tiefgefroren und muss im Ofen aufgewärmt werden. Sie können aus verschiedenen Sorten wählen, wie z.B. Salami, Käse, Schinken oder Gemüse. Die Pizza liegt in der Küche im Kühlschrank.', 10, 0, 5, 45);
INSERT INTO vacation_rental_db.houses_has_features (houses_id, features_id) VALUES (5, 1);
INSERT INTO vacation_rental_db.houses_has_features (houses_id, features_id) VALUES (5, 2);
INSERT INTO vacation_rental_db.houses_has_features (houses_id, features_id) VALUES (5, 3);
INSERT INTO vacation_rental_db.houses_has_features (houses_id, features_id) VALUES (5, 4);
INSERT INTO vacation_rental_db.houses_has_features (houses_id, features_id) VALUES (5, 5);
INSERT INTO vacation_rental_db.houses_has_features (houses_id, features_id) VALUES (5, 6);
INSERT INTO vacation_rental_db.houses_has_features (houses_id, features_id) VALUES (5, 7);
INSERT INTO vacation_rental_db.houses_has_features (houses_id, features_id) VALUES (5, 8);
INSERT INTO vacation_rental_db.houses_has_features (houses_id, features_id) VALUES (5, 9);
INSERT INTO vacation_rental_db.houses_has_features (houses_id, features_id) VALUES (5, 10);
INSERT INTO vacation_rental_db.houses_has_features (houses_id, features_id) VALUES (5, 14);
INSERT INTO vacation_rental_db.houses_has_features (houses_id, features_id) VALUES (5, 20);
INSERT INTO vacation_rental_db.houses_has_features (houses_id, features_id) VALUES (5, 26);
INSERT INTO vacation_rental_db.houses_has_features (houses_id, features_id) VALUES (5, 27);
INSERT INTO vacation_rental_db.images (id, uuid, house_id, typetable_id) VALUES (38, '5_front.webp', 5, 1);
INSERT INTO vacation_rental_db.images (id, uuid, house_id, typetable_id) VALUES (39, '5_layout.webp', 5, 2);
INSERT INTO vacation_rental_db.images (id, uuid, house_id, typetable_id) VALUES (40, '5_other_1.webp', 5, 4);
INSERT INTO vacation_rental_db.images (id, uuid, house_id, typetable_id) VALUES (41, '5_other_2.webp', 5, 4);
INSERT INTO vacation_rental_db.images (id, uuid, house_id, typetable_id) VALUES (42, '5_other_3.webp', 5, 4);
INSERT INTO vacation_rental_db.images (id, uuid, house_id, typetable_id) VALUES (44, 'option_19.webp', 5, 3);
INSERT INTO vacation_rental_db.images (id, uuid, house_id, typetable_id) VALUES (45, 'option_20.webp', 5, 3);
INSERT INTO vacation_rental_db.tags (name, house_id) VALUES ('Modern', 5);
INSERT INTO vacation_rental_db.tags (name, house_id) VALUES ('Wandern', 5);
INSERT INTO vacation_rental_db.tags (name, house_id) VALUES ('Historisch', 5);


INSERT INTO vacation_rental_db.houses (id, name, description, price, max_person, postal_code, city, street, house_number, square_meter, room_count, is_disabled, owner_id) VALUES (6, 'Romantisches Fachwerkhaus im Grünen mit Kamin und Garten', 'Das Ferienhaus für Paare, die eine Auszeit vom Alltag suchen. Das Haus ist ein liebevoll restauriertes Fachwerkhaus aus dem 18. Jahrhundert und verfügt über einen gemütlichen Kamin im Wohnzimmer, eine voll ausgestattete Küche, ein Schlafzimmer mit Doppelbett und ein Badezimmer mit Badewanne. Das Haus liegt in einem idyllischen Dorf im Grünen, wo Sie die Ruhe und die Natur genießen können. Der Garten bietet viel Platz zum Entspannen, Grillen oder Spielen. Die Umgebung lädt zu Spaziergängen, Fahrradtouren oder Besuchen von Burgen und Klöstern ein. Das Ferienhaus ist geschmackvoll eingerichtet und bietet Platz für bis zu 2 Personen.', 100, 2, '20095', 'Hamburg', 'Am Kaiserkai', 7, 60, 2, 0, 1);
INSERT INTO vacation_rental_db.options (id, name, description, price, is_disabled, house_id, image_id) VALUES (21, 'Frühstückskorb', 'Sie erhalten einen Korb mit frischen Brötchen, Marmelade, Käse, Wurst, Eiern, Obst und Saft, der jeden Morgen an Ihre Tür geliefert wird', 10, 0, 6, 51);
INSERT INTO vacation_rental_db.options (id, name, description, price, is_disabled, house_id, image_id) VALUES (22, 'Massage', 'Gönnen Sie sich eine entspannende Massage im Haus oder im Garten. Ein professioneller Masseur kommt zu Ihnen und bringt alles mit, was Sie brauchen', 30, 0, 6, 52);
INSERT INTO vacation_rental_db.options (id, name, description, price, is_disabled, house_id, image_id) VALUES (23, 'Kutschfahrt', 'Buchen Sie eine Kutschfahrt durch die malerische Landschaft. Ein erfahrener Kutscher zeigt Ihnen die schönsten Orte und erzählt Ihnen interessante Geschichten. Die Kutschfahrt dauert etwa eine Stunde und startet jeden Tag um 11 Uhr vor dem Haus.', 20, 0, 6, 53);
INSERT INTO vacation_rental_db.options (id, name, description, price, is_disabled, house_id, image_id) VALUES (24, 'Candle-Light-Dinner', 'Genießen Sie ein Candle-Light-Dinner in einem nahegelegenen Restaurant. Sie erhalten ein 3-Gänge-Menü mit regionalen Spezialitäten und einem Glas Wein. Das Restaurant ist gemütlich und stilvoll eingerichtet und bietet eine angenehme Atmosphäre. Das Candle-Light-Dinner findet jeden Abend um 19 Uhr statt. Ein Taxi bringt Sie hin und zurück.', 30, 0, 6, 54);
INSERT INTO vacation_rental_db.houses_has_features (houses_id, features_id) VALUES (6, 1);
INSERT INTO vacation_rental_db.houses_has_features (houses_id, features_id) VALUES (6, 2);
INSERT INTO vacation_rental_db.houses_has_features (houses_id, features_id) VALUES (6, 3);
INSERT INTO vacation_rental_db.houses_has_features (houses_id, features_id) VALUES (6, 5);
INSERT INTO vacation_rental_db.houses_has_features (houses_id, features_id) VALUES (6, 6);
INSERT INTO vacation_rental_db.houses_has_features (houses_id, features_id) VALUES (6, 8);
INSERT INTO vacation_rental_db.houses_has_features (houses_id, features_id) VALUES (6, 9);
INSERT INTO vacation_rental_db.houses_has_features (houses_id, features_id) VALUES (6, 10);
INSERT INTO vacation_rental_db.houses_has_features (houses_id, features_id) VALUES (6, 11);
INSERT INTO vacation_rental_db.houses_has_features (houses_id, features_id) VALUES (6, 15);
INSERT INTO vacation_rental_db.houses_has_features (houses_id, features_id) VALUES (6, 16);
INSERT INTO vacation_rental_db.houses_has_features (houses_id, features_id) VALUES (6, 18);
INSERT INTO vacation_rental_db.houses_has_features (houses_id, features_id) VALUES (6, 22);
INSERT INTO vacation_rental_db.houses_has_features (houses_id, features_id) VALUES (6, 25);
INSERT INTO vacation_rental_db.images (id, uuid, house_id, typetable_id) VALUES (46, '6_front.webp', 6, 1);
INSERT INTO vacation_rental_db.images (id, uuid, house_id, typetable_id) VALUES (47, '6_layout.webp', 6, 2);
INSERT INTO vacation_rental_db.images (id, uuid, house_id, typetable_id) VALUES (48, '6_other_1.webp', 6, 4);
INSERT INTO vacation_rental_db.images (id, uuid, house_id, typetable_id) VALUES (49, '6_other_2.webp', 6, 4);
INSERT INTO vacation_rental_db.images (id, uuid, house_id, typetable_id) VALUES (50, '6_other_3.webp', 6, 4);
INSERT INTO vacation_rental_db.images (id, uuid, house_id, typetable_id) VALUES (51, 'option_21.webp', 6, 3);
INSERT INTO vacation_rental_db.images (id, uuid, house_id, typetable_id) VALUES (52, 'option_22.webp', 6, 3);
INSERT INTO vacation_rental_db.images (id, uuid, house_id, typetable_id) VALUES (53, 'option_23.webp', 6, 3);
INSERT INTO vacation_rental_db.images (id, uuid, house_id, typetable_id) VALUES (54, 'option_24.webp', 6, 3);
INSERT INTO vacation_rental_db.tags (name, house_id) VALUES ('Romantisch', 6);
INSERT INTO vacation_rental_db.tags (name, house_id) VALUES ('Fachwerk', 6);
INSERT INTO vacation_rental_db.tags (name, house_id) VALUES ('Wandern', 6);
INSERT INTO vacation_rental_db.tags (name, house_id) VALUES ('Natur', 6);


INSERT INTO vacation_rental_db.houses (id, name, description, price, max_person, postal_code, city, street, house_number, square_meter, room_count, is_disabled, owner_id) VALUES (7, 'Geräumiges Chalet in den Alpen mit Kamin und Balkon', 'Ideales Ferienhaus für Familien oder Gruppen, die einen aktiven und abwechslungsreichen Urlaub in den Bergen verbringen möchten. Das Haus ist ein geräumiges Chalet aus Holz und Stein und verfügt über einen großen Kamin im Wohnzimmer, eine gut ausgestattete Küche, vier Schlafzimmer mit Doppelbetten und zwei Badezimmer mit Dusche und Badewanne. Das Highlight ist der Balkon mit einem herrlichen Blick auf die schneebedeckten Gipfel der Alpen. Das Haus liegt in einem kleinen Dorf in den Alpen, wo Sie viele Möglichkeiten für Ski-, Wander-, Rad- oder Klettertouren haben. Das Ferienhaus ist gemütlich und rustikal eingerichtet und bietet Platz für bis zu 8 Personen.', 200, 8, '82481', 'Mittenwald', 'Alpenstraße', 23, 120, 5, 0, 1);
INSERT INTO vacation_rental_db.options (id, name, description, price, is_disabled, house_id, image_id) VALUES (25, 'Skipass', 'Für 25 € pro Person und Tag erhalten Sie einen Skipass, mit dem Sie alle Skilifte und Pisten in der Umgebung nutzen können. Es gibt verschiedene Schwierigkeitsgrade und Längen für Anfänger und Fortgeschrittene. Die Skilifte sind nur wenige Minuten vom Haus entfernt.', 25, 0, 7, 60);
INSERT INTO vacation_rental_db.options (id, name, description, price, is_disabled, house_id, image_id) VALUES (26, 'Schlittenverleih', 'Für 10 € pro Tag können Sie einen Schlitten ausleihen und die Rodelbahn hinunterfahren. Eine lustige Aktivität für Jung und Alt. Die Rodelbahn ist etwa 2 km lang und startet am Ende der Straße.', 10, 0, 7, 61);
INSERT INTO vacation_rental_db.options (id, name, description, price, is_disabled, house_id, image_id) VALUES (27, 'Fondue-Abend', 'Für 20 € pro Person können Sie einen Fondue-Abend im Haus genießen. Sie erhalten einen Topf mit geschmolzenem Käse, Brotwürfel, Kartoffeln, Gemüse und Obst, die Sie in den Käse tauchen können. Ein leckeres und geselliges Essen für kalte Winterabende.', 20, 0, 7, 62);
INSERT INTO vacation_rental_db.options (id, name, description, price, is_disabled, house_id, image_id) VALUES (28, 'Schneeschuhwanderung', 'Für 15 € pro Person können Sie an einer geführten Schneeschuhwanderung durch die verschneite Landschaft teilnehmen. Ein erfahrener Guide zeigt Ihnen die schönsten Orte und erzählt Ihnen Wissenswertes über die Natur und die Kultur der Region. Die Schneeschuhwanderung dauert etwa 2 Stunden und startet jeden Tag um 10 Uhr vor dem Haus.', 15, 0, 7, 63);
INSERT INTO vacation_rental_db.houses_has_features (houses_id, features_id) VALUES (7, 1);
INSERT INTO vacation_rental_db.houses_has_features (houses_id, features_id) VALUES (7, 2);
INSERT INTO vacation_rental_db.houses_has_features (houses_id, features_id) VALUES (7, 3);
INSERT INTO vacation_rental_db.houses_has_features (houses_id, features_id) VALUES (7, 4);
INSERT INTO vacation_rental_db.houses_has_features (houses_id, features_id) VALUES (7, 5);
INSERT INTO vacation_rental_db.houses_has_features (houses_id, features_id) VALUES (7, 6);
INSERT INTO vacation_rental_db.houses_has_features (houses_id, features_id) VALUES (7, 8);
INSERT INTO vacation_rental_db.houses_has_features (houses_id, features_id) VALUES (7, 9);
INSERT INTO vacation_rental_db.houses_has_features (houses_id, features_id) VALUES (7, 15);
INSERT INTO vacation_rental_db.houses_has_features (houses_id, features_id) VALUES (7, 19);
INSERT INTO vacation_rental_db.houses_has_features (houses_id, features_id) VALUES (7, 20);
INSERT INTO vacation_rental_db.houses_has_features (houses_id, features_id) VALUES (7, 22);
INSERT INTO vacation_rental_db.houses_has_features (houses_id, features_id) VALUES (7, 25);
INSERT INTO vacation_rental_db.images (id, uuid, house_id, typetable_id) VALUES (55, '7_front.webp', 7, 1);
INSERT INTO vacation_rental_db.images (id, uuid, house_id, typetable_id) VALUES (56, '7_layout.webp', 7, 2);
INSERT INTO vacation_rental_db.images (id, uuid, house_id, typetable_id) VALUES (57, '7_other_1.webp', 7, 4);
INSERT INTO vacation_rental_db.images (id, uuid, house_id, typetable_id) VALUES (58, '7_other_2.webp', 7, 4);
INSERT INTO vacation_rental_db.images (id, uuid, house_id, typetable_id) VALUES (59, '7_other_3.webp', 7, 4);
INSERT INTO vacation_rental_db.images (id, uuid, house_id, typetable_id) VALUES (60, 'option_25.webp', 7, 3);
INSERT INTO vacation_rental_db.images (id, uuid, house_id, typetable_id) VALUES (61, 'option_26.webp', 7, 3);
INSERT INTO vacation_rental_db.images (id, uuid, house_id, typetable_id) VALUES (62, 'option_27.webp', 7, 3);
INSERT INTO vacation_rental_db.images (id, uuid, house_id, typetable_id) VALUES (63, 'option_28.webp', 7, 3);
INSERT INTO vacation_rental_db.tags (name, house_id) VALUES ('Alpen', 7);
INSERT INTO vacation_rental_db.tags (name, house_id) VALUES ('Balkon', 7);
INSERT INTO vacation_rental_db.tags (name, house_id) VALUES ('Familie', 7);
INSERT INTO vacation_rental_db.tags (name, house_id) VALUES ('Berge', 7);
INSERT INTO vacation_rental_db.tags (name, house_id) VALUES ('Wandern', 7);
INSERT INTO vacation_rental_db.tags (name, house_id) VALUES ('Klettern', 7);


INSERT INTO vacation_rental_db.houses (id, name, description, price, max_person, postal_code, city, street, house_number, square_meter, room_count, is_disabled, owner_id) VALUES (8, 'Gemütliches Holzhaus am See mit Kamin und Sauna', 'Ideales Ferienhaus für Naturliebhaber, die Ruhe und Erholung suchen. Das Haus ist aus Holz gebaut und verfügt über einen gemütlichen Kamin im Wohnzimmer, eine moderne Küche, ein Badezimmer mit Dusche und eine Sauna im Garten. Das Haus liegt direkt am See, wo Sie schwimmen, angeln oder Boot fahren können. Die Umgebung bietet viele Möglichkeiten für Wanderungen, Radtouren oder Ausflüge zu historischen Städten und Schlössern. Das Ferienhaus ist komfortabel eingerichtet und bietet Platz für bis zu 6 Personen.', 150, 6, '20097', 'Hamburg', 'Singapurstraße', 23, 80, 3, 0, 1);
INSERT INTO vacation_rental_db.options (id, name, description, price, is_disabled, house_id, image_id) VALUES (29, 'Grillabend', 'Genießen Sie einen Grillabend mit leckeren Steaks, Würstchen, Salaten, Brot und Getränken. Ein Grillmeister kümmert sich um alles und serviert Ihnen das Essen auf der Terrasse oder im Garten', 15, 0, 8, 69);
INSERT INTO vacation_rental_db.options (id, name, description, price, is_disabled, house_id, image_id) VALUES (30, 'Fahrradverleih', 'Leihen Sie ein Fahrrad und erkunden Sie die schöne Landschaft. Es stehen verschiedene Modelle und Größen zur Verfügung. Schreiben Sie bitte nach der Bestellung per E-Mail was Sie genau benötigen', 5, 0, 8, 70);
INSERT INTO vacation_rental_db.houses_has_features (houses_id, features_id) VALUES (8, 1);
INSERT INTO vacation_rental_db.houses_has_features (houses_id, features_id) VALUES (8, 2);
INSERT INTO vacation_rental_db.houses_has_features (houses_id, features_id) VALUES (8, 3);
INSERT INTO vacation_rental_db.houses_has_features (houses_id, features_id) VALUES (8, 4);
INSERT INTO vacation_rental_db.houses_has_features (houses_id, features_id) VALUES (8, 5);
INSERT INTO vacation_rental_db.houses_has_features (houses_id, features_id) VALUES (8, 8);
INSERT INTO vacation_rental_db.houses_has_features (houses_id, features_id) VALUES (8, 9);
INSERT INTO vacation_rental_db.houses_has_features (houses_id, features_id) VALUES (8, 13);
INSERT INTO vacation_rental_db.houses_has_features (houses_id, features_id) VALUES (8, 14);
INSERT INTO vacation_rental_db.houses_has_features (houses_id, features_id) VALUES (8, 15);
INSERT INTO vacation_rental_db.houses_has_features (houses_id, features_id) VALUES (8, 10);
INSERT INTO vacation_rental_db.houses_has_features (houses_id, features_id) VALUES (8, 18);
INSERT INTO vacation_rental_db.houses_has_features (houses_id, features_id) VALUES (8, 21);
INSERT INTO vacation_rental_db.houses_has_features (houses_id, features_id) VALUES (8, 24);
INSERT INTO vacation_rental_db.houses_has_features (houses_id, features_id) VALUES (8, 25);
INSERT INTO vacation_rental_db.images (id, uuid, house_id, typetable_id) VALUES (64, '8_front.webp', 8, 1);
INSERT INTO vacation_rental_db.images (id, uuid, house_id, typetable_id) VALUES (65, '8_layout.webp', 8, 2);
INSERT INTO vacation_rental_db.images (id, uuid, house_id, typetable_id) VALUES (66, '8_other_1.webp', 8, 4);
INSERT INTO vacation_rental_db.images (id, uuid, house_id, typetable_id) VALUES (67, '8_other_2.webp', 8, 4);
INSERT INTO vacation_rental_db.images (id, uuid, house_id, typetable_id) VALUES (68, '8_other_3.webp', 8, 4);
INSERT INTO vacation_rental_db.images (id, uuid, house_id, typetable_id) VALUES (69, 'option_29.webp', 8, 3);
INSERT INTO vacation_rental_db.images (id, uuid, house_id, typetable_id) VALUES (70, 'option_30.webp', 8, 3);
INSERT INTO vacation_rental_db.tags (name, house_id) VALUES ('Gemütlich', 8);
INSERT INTO vacation_rental_db.tags (name, house_id) VALUES ('Holzhaus', 8);
INSERT INTO vacation_rental_db.tags (name, house_id) VALUES ('See', 8);
INSERT INTO vacation_rental_db.tags (name, house_id) VALUES ('Baden', 8);


INSERT INTO vacation_rental_db.houses (id, name, description, price, max_person, postal_code, city, street, house_number, square_meter, room_count, is_disabled, owner_id) VALUES (9, 'Modernes Loft in der Innenstadt mit Dachterrasse und Whirlpool', 'Das perfekte Ferienhaus für Stadtliebhaber, die Komfort und Luxus schätzen. Das Haus ist ein umgebautes Loft in einem historischen Gebäude und verfügt über eine offene Küche, ein Wohnzimmer mit Flachbild-TV und Soundsystem, ein Schlafzimmer mit Kingsize-Bett und ein Badezimmer mit Regendusche. Das Highlight ist die Dachterrasse mit einem Whirlpool, einer Lounge-Ecke und einem atemberaubenden Blick über die Stadt. Das Haus liegt im Zentrum der Stadt, wo Sie viele Geschäfte, Restaurants, Bars, Museen und Sehenswürdigkeiten finden. Das Ferienhaus ist stilvoll eingerichtet und bietet Platz für bis zu 4 Personen.', 200, 4, '20098', 'Hamburg', 'Am Sandtorkai', 85, 100, 2, 0, 1);
INSERT INTO vacation_rental_db.options (id, name, description, price, is_disabled, house_id, image_id) VALUES (31, 'Stadtführung', 'Eine geführten Tour durch die Stadt um mehr über die Geschichte, Kultur und Architektur zu erfahren. Die Tour dauert etwa 2 Stunden und startet jeden Tag um 10 Uhr vor dem Rathaus', 20, 0, 9, 75);
INSERT INTO vacation_rental_db.options (id, name, description, price, is_disabled, house_id, image_id) VALUES (32, 'Weinprobe', ' Nehmen Sie an einer Weinprobe in einem renommierten Weingut teil und probieren Sie verschiedene Sorten von lokalen Winzern. Die Weinprobe dauert etwa 1,5 Stunden und findet jeden Abend um 18 Uhr statt. Ein Shuttlebus bringt Sie hin und zurück.', 25, 0, 9, 76);
INSERT INTO vacation_rental_db.options (id, name, description, price, is_disabled, house_id, image_id) VALUES (33, 'Kochkurs', 'Sie können an einem Kochkurs in einer professionellen Küche teilnehmen und lernen, wie man typische Gerichte der Region zubereitet. Der Kochkurs dauert etwa 3 Stunden und findet jeden Nachmittag um 15 Uhr statt. Sie können das Essen anschließend mit den anderen Teilnehmern genießen.', 30, 0, 9, 77);
INSERT INTO vacation_rental_db.options (id, name, description, price, is_disabled, house_id, image_id) VALUES (34, 'Theaterkarten', 'Karten für eine Vorstellung in einem der besten Theater der Stadt. Es gibt verschiedene Genres und Stücke zur Auswahl, von Komödie über Drama bis hin zu Musical. Die Vorstellungen beginnen jeden Abend um 20 Uhr. Sie erhalten die Karten an der Rezeption des Hauses.', 40, 0, 9, 78);
INSERT INTO vacation_rental_db.houses_has_features (houses_id, features_id) VALUES (9, 1);
INSERT INTO vacation_rental_db.houses_has_features (houses_id, features_id) VALUES (9, 3);
INSERT INTO vacation_rental_db.houses_has_features (houses_id, features_id) VALUES (9, 4);
INSERT INTO vacation_rental_db.houses_has_features (houses_id, features_id) VALUES (9, 5);
INSERT INTO vacation_rental_db.houses_has_features (houses_id, features_id) VALUES (9, 6);
INSERT INTO vacation_rental_db.houses_has_features (houses_id, features_id) VALUES (9, 7);
INSERT INTO vacation_rental_db.houses_has_features (houses_id, features_id) VALUES (9, 8);
INSERT INTO vacation_rental_db.houses_has_features (houses_id, features_id) VALUES (9, 9);
INSERT INTO vacation_rental_db.houses_has_features (houses_id, features_id) VALUES (9, 10);
INSERT INTO vacation_rental_db.houses_has_features (houses_id, features_id) VALUES (9, 15);
INSERT INTO vacation_rental_db.houses_has_features (houses_id, features_id) VALUES (9, 16);
INSERT INTO vacation_rental_db.houses_has_features (houses_id, features_id) VALUES (9, 20);
INSERT INTO vacation_rental_db.houses_has_features (houses_id, features_id) VALUES (9, 22);
INSERT INTO vacation_rental_db.houses_has_features (houses_id, features_id) VALUES (9, 23);
INSERT INTO vacation_rental_db.houses_has_features (houses_id, features_id) VALUES (9, 27);
INSERT INTO vacation_rental_db.images (id, uuid, house_id, typetable_id) VALUES (71, '9_front.webp', 9, 1);
INSERT INTO vacation_rental_db.images (id, uuid, house_id, typetable_id) VALUES (72, '9_layout.webp', 9, 2);
INSERT INTO vacation_rental_db.images (id, uuid, house_id, typetable_id) VALUES (73, '9_other_1.webp', 9, 4);
INSERT INTO vacation_rental_db.images (id, uuid, house_id, typetable_id) VALUES (74, '9_other_2.webp', 9, 4);
INSERT INTO vacation_rental_db.images (id, uuid, house_id, typetable_id) VALUES (75, 'option_31.webp', 9, 3);
INSERT INTO vacation_rental_db.images (id, uuid, house_id, typetable_id) VALUES (76, 'option_32.webp', 9, 3);
INSERT INTO vacation_rental_db.images (id, uuid, house_id, typetable_id) VALUES (77, 'option_33.webp', 9, 3);
INSERT INTO vacation_rental_db.images (id, uuid, house_id, typetable_id) VALUES (78, 'option_34.webp', 9, 3);
INSERT INTO vacation_rental_db.tags (name, house_id) VALUES ('Loft', 9);
INSERT INTO vacation_rental_db.tags (name, house_id) VALUES ('Modern', 9);
INSERT INTO vacation_rental_db.tags (name, house_id) VALUES ('Innenstadt', 9);
INSERT INTO vacation_rental_db.tags (name, house_id) VALUES ('Dachterrasse', 9);


INSERT INTO vacation_rental_db.houses (id, name, description, price, max_person, postal_code, city, street, house_number, square_meter, room_count, is_disabled, owner_id) VALUES (10, 'Elegantes Penthouse in der City mit Balkon und Parkplatz', 'Dieses Ferienhaus ist perfekt für Geschäftsreisende oder Städtereisende, die Komfort und Eleganz schätzen. Das Haus ist ein luxuriöses Penthouse in einem modernen Gebäude und verfügt über eine offene Küche, ein Wohnzimmer mit Ledersofa und Smart-TV, ein Schlafzimmer mit Queensize-Bett und ein Badezimmer mit Marmorfliesen. Das Highlight ist der Balkon mit einem kleinen Tisch und zwei Stühlen, von dem aus Sie einen herrlichen Blick über die City haben. Das Haus liegt im Herzen der Stadt, wo Sie viele Einkaufsmöglichkeiten, Restaurants, Cafés, Clubs, Theater und Museen finden. Das Ferienhaus ist elegant eingerichtet und bietet Platz für bis zu 2 Personen.', 150, 2, '20097', 'Hamburg', 'Singapurstraße', 54, 70, 2, 0, 1);
INSERT INTO vacation_rental_db.options (id, name, description, price, is_disabled, house_id, image_id) VALUES (35, 'Minibar', 'Erhalten Sie Zugang zu einer Minibar, die mit verschiedenen Getränken und Snacks gefüllt ist. Sie können sich jederzeit bedienen und müssen nichts extra bezahlen.', 100, 0, 10, 84);
INSERT INTO vacation_rental_db.options (id, name, description, price, is_disabled, house_id, image_id) VALUES (36, 'Wäscheservice', 'Nehmen Sie den Wäscheservice in Anspruch. Sie können Ihre Kleidung in einen Korb legen und an der Rezeption abgeben. Sie erhalten Ihre Kleidung am nächsten Tag frisch gewaschen, gebügelt und gefaltet zurück.', 78, 0, 10, 85);
INSERT INTO vacation_rental_db.options (id, name, description, price, is_disabled, house_id, image_id) VALUES (37, 'Business-Paket', 'Das Business-Paket buchen, welches Ihnen einen schnellen Internetzugang, einen Drucker, einen Scanner, einen Kopierer und ein Faxgerät zur Verfügung stellt. Sie können diese Geräte in einem separaten Raum im Haus nutzen oder an Ihr Laptop anschließen.', 120, 0, 10, 86);
INSERT INTO vacation_rental_db.options (id, name, description, price, is_disabled, house_id, image_id) VALUES (38, 'Konzertkarten', 'Karten für ein Konzert in einer der besten Konzerthallen der Stadt kaufen. Es gibt verschiedene Genres und Künstler zur Auswahl, von Rock über Pop bis hin zu Klassik. Die Konzerte beginnen jeden Abend um 20 Uhr. Sie erhalten die Karten an der Rezeption des Hauses.', 49, 0, 10, 87);
INSERT INTO vacation_rental_db.houses_has_features (houses_id, features_id) VALUES (10, 2);
INSERT INTO vacation_rental_db.houses_has_features (houses_id, features_id) VALUES (10, 3);
INSERT INTO vacation_rental_db.houses_has_features (houses_id, features_id) VALUES (10, 4);
INSERT INTO vacation_rental_db.houses_has_features (houses_id, features_id) VALUES (10, 6);
INSERT INTO vacation_rental_db.houses_has_features (houses_id, features_id) VALUES (10, 8);
INSERT INTO vacation_rental_db.houses_has_features (houses_id, features_id) VALUES (10, 9);
INSERT INTO vacation_rental_db.houses_has_features (houses_id, features_id) VALUES (10, 10);
INSERT INTO vacation_rental_db.houses_has_features (houses_id, features_id) VALUES (10, 15);
INSERT INTO vacation_rental_db.houses_has_features (houses_id, features_id) VALUES (10, 16);
INSERT INTO vacation_rental_db.houses_has_features (houses_id, features_id) VALUES (10, 19);
INSERT INTO vacation_rental_db.houses_has_features (houses_id, features_id) VALUES (10, 26);
INSERT INTO vacation_rental_db.houses_has_features (houses_id, features_id) VALUES (10, 27);
INSERT INTO vacation_rental_db.images (id, uuid, house_id, typetable_id) VALUES (79, '10_front.webp', 10, 1);
INSERT INTO vacation_rental_db.images (id, uuid, house_id, typetable_id) VALUES (80, '10_layout.webp', 10, 2);
INSERT INTO vacation_rental_db.images (id, uuid, house_id, typetable_id) VALUES (81, '10_other_1.webp', 10, 4);
INSERT INTO vacation_rental_db.images (id, uuid, house_id, typetable_id) VALUES (82, '10_other_2.webp', 10, 4);
INSERT INTO vacation_rental_db.images (id, uuid, house_id, typetable_id) VALUES (83, '10_other_3.webp', 10, 4);
INSERT INTO vacation_rental_db.images (id, uuid, house_id, typetable_id) VALUES (84, 'option_35.webp', 10, 3);
INSERT INTO vacation_rental_db.images (id, uuid, house_id, typetable_id) VALUES (85, 'option_36.webp', 10, 3);
INSERT INTO vacation_rental_db.images (id, uuid, house_id, typetable_id) VALUES (86, 'option_37.webp', 10, 3);
INSERT INTO vacation_rental_db.images (id, uuid, house_id, typetable_id) VALUES (87, 'option_38.webp', 10, 3);
INSERT INTO vacation_rental_db.tags (name, house_id) VALUES ('Penthouse', 10);
INSERT INTO vacation_rental_db.tags (name, house_id) VALUES ('Balkon', 10);
INSERT INTO vacation_rental_db.tags (name, house_id) VALUES ('Luxus', 10);
INSERT INTO vacation_rental_db.tags (name, house_id) VALUES ('Queensize-Bett', 10);
INSERT INTO vacation_rental_db.tags (name, house_id) VALUES ('Marmorfliesen', 10);


INSERT INTO vacation_rental_db.houses (id, name, description, price, max_person, postal_code, city, street, house_number, square_meter, room_count, is_disabled, owner_id) VALUES (11, 'Helles Strandhaus an der Nordsee mit Terrasse und Garten', 'Dieses Ferienhaus ist ideal für Urlauber, die Sonne, Sand und Meer lieben. Das Haus ist ein helles Strandhaus aus Holz und Glas und verfügt über eine offene Küche, ein Wohnzimmer mit Esstisch und Sofa, zwei Schlafzimmer mit Einzelbetten und ein Badezimmer mit Dusche. Das Highlight ist die Terrasse mit einem großen Tisch und vier Stühlen, von der aus Sie einen direkten Zugang zum Garten und zum Strand haben. Das Haus liegt an der Nordsee, wo Sie das Rauschen der Wellen, die frische Brise und die weiten Dünen genießen können. Die Umgebung bietet viele Möglichkeiten für Wassersport, Strandspaziergänge oder Ausflüge zu Inseln und Küstenstädten. Das Ferienhaus ist modern und freundlich eingerichtet und bietet Platz für bis zu 4 Personen.', 120, 4, '20097', 'Hamburg', 'Marktstraße', 10, 70, 3, 0, 1);
INSERT INTO vacation_rental_db.options (id, name, description, price, is_disabled, house_id, image_id) VALUES (39, 'Strandkorb', 'Strandkorb mieten und es sich darin gemütlich machen. Ein Strandkorb ist ein typisch deutscher Korb mit zwei Sitzen, einem Dach und einer Fußstütze, der Sie vor Wind und Sonne schützt. Der Strandkorb steht direkt vor dem Haus am Strand', 5, 0, 11, 94);
INSERT INTO vacation_rental_db.options (id, name, description, price, is_disabled, house_id, image_id) VALUES (40, 'Surfkurs', 'An einem Surfkurs teilnehmen und das Wellenreiten lernen. Ein erfahrener Surflehrer zeigt Ihnen die Grundlagen und hilft Ihnen bei den ersten Versuchen. Der Surfkurs dauert etwa 2 Stunden und findet jeden Tag um 10 Uhr am Strand statt. Sie erhalten eine Surfausrüstung mit Brett, Anzug und Helm.', 20, 0, 11, 95);
INSERT INTO vacation_rental_db.options (id, name, description, price, is_disabled, house_id, image_id) VALUES (41, 'Fischbuffet', 'Fischbuffet in einem lokalen Restaurant. Sie erhalten eine Auswahl an frischen Fischgerichten, wie z.B. Matjes, Krabben, Lachs, Scholle, Hering und mehr. Dazu gibt es verschiedene Beilagen, wie z.B. Kartoffeln, Salat, Brot und Butter. Das Restaurant ist urig und gemütlich eingerichtet und bietet einen schönen Blick auf das Meer. Das Fischbuffet findet jeden Abend um 18 Uhr statt. Ein Fahrrad bringt Sie hin und zurück.', 15, 0, 11, 96);
INSERT INTO vacation_rental_db.options (id, name, description, price, is_disabled, house_id, image_id) VALUES (42, 'Wattwanderung', 'Nehmen Sie an einer Wattwanderung tiel um das einzigartige Ökosystem des Wattenmeeres zu erkunden. Ein erfahrener Wattführer zeigt Ihnen die verschiedenen Tiere und Pflanzen, die im Schlick und im Wasser leben. Die Wattwanderung dauert etwa 1,5 Stunden und findet jeden Tag um 14 Uhr am Strand statt. Sie benötigen Gummistiefel, eine lange Hose und eine Jacke.', 10, 0, 11, 97);
INSERT INTO vacation_rental_db.houses_has_features (houses_id, features_id) VALUES (11, 1);
INSERT INTO vacation_rental_db.houses_has_features (houses_id, features_id) VALUES (11, 2);
INSERT INTO vacation_rental_db.houses_has_features (houses_id, features_id) VALUES (11, 3);
INSERT INTO vacation_rental_db.houses_has_features (houses_id, features_id) VALUES (11, 4);
INSERT INTO vacation_rental_db.houses_has_features (houses_id, features_id) VALUES (11, 5);
INSERT INTO vacation_rental_db.houses_has_features (houses_id, features_id) VALUES (11, 6);
INSERT INTO vacation_rental_db.houses_has_features (houses_id, features_id) VALUES (11, 7);
INSERT INTO vacation_rental_db.houses_has_features (houses_id, features_id) VALUES (11, 8);
INSERT INTO vacation_rental_db.houses_has_features (houses_id, features_id) VALUES (11, 9);
INSERT INTO vacation_rental_db.houses_has_features (houses_id, features_id) VALUES (11, 10);
INSERT INTO vacation_rental_db.houses_has_features (houses_id, features_id) VALUES (11, 11);
INSERT INTO vacation_rental_db.houses_has_features (houses_id, features_id) VALUES (11, 12);
INSERT INTO vacation_rental_db.houses_has_features (houses_id, features_id) VALUES (11, 13);
INSERT INTO vacation_rental_db.houses_has_features (houses_id, features_id) VALUES (11, 15);
INSERT INTO vacation_rental_db.houses_has_features (houses_id, features_id) VALUES (11, 16);
INSERT INTO vacation_rental_db.houses_has_features (houses_id, features_id) VALUES (11, 18);
INSERT INTO vacation_rental_db.houses_has_features (houses_id, features_id) VALUES (11, 19);
INSERT INTO vacation_rental_db.houses_has_features (houses_id, features_id) VALUES (11, 20);
INSERT INTO vacation_rental_db.houses_has_features (houses_id, features_id) VALUES (11, 21);
INSERT INTO vacation_rental_db.houses_has_features (houses_id, features_id) VALUES (11, 22);
INSERT INTO vacation_rental_db.houses_has_features (houses_id, features_id) VALUES (11, 26);
INSERT INTO vacation_rental_db.images (id, uuid, house_id, typetable_id) VALUES (89, '11_front.webp', 11, 1);
INSERT INTO vacation_rental_db.images (id, uuid, house_id, typetable_id) VALUES (90, '11_layout.webp', 11, 2);
INSERT INTO vacation_rental_db.images (id, uuid, house_id, typetable_id) VALUES (91, '11_other_1.webp', 11, 4);
INSERT INTO vacation_rental_db.images (id, uuid, house_id, typetable_id) VALUES (92, '11_other_2.webp', 11, 4);
INSERT INTO vacation_rental_db.images (id, uuid, house_id, typetable_id) VALUES (93, '11_other_3.webp', 11, 4);
INSERT INTO vacation_rental_db.images (id, uuid, house_id, typetable_id) VALUES (94, 'option_39.webp', 11, 3);
INSERT INTO vacation_rental_db.images (id, uuid, house_id, typetable_id) VALUES (95, 'option_40.webp', 11, 3);
INSERT INTO vacation_rental_db.images (id, uuid, house_id, typetable_id) VALUES (96, 'option_41.webp', 11, 3);
INSERT INTO vacation_rental_db.images (id, uuid, house_id, typetable_id) VALUES (97, 'option_42.webp', 11, 3);
INSERT INTO vacation_rental_db.tags (name, house_id) VALUES ('Strandhaus', 11);
INSERT INTO vacation_rental_db.tags (name, house_id) VALUES ('Nordsee', 11);
INSERT INTO vacation_rental_db.tags (name, house_id) VALUES ('Meer', 11);
INSERT INTO vacation_rental_db.tags (name, house_id) VALUES ('Wassersport', 11);
INSERT INTO vacation_rental_db.tags (name, house_id) VALUES ('Strand', 11);


INSERT INTO vacation_rental_db.houses (id, name, description, price, max_person, postal_code, city, street, house_number, square_meter, room_count, is_disabled, owner_id) VALUES (12, 'Luxuriöse Villa am Mittelmeer mit Pool und Meerblick', 'Dieses Ferienhaus ist ideal für Urlauber, die Luxus und Exklusivität suchen. Das Haus ist eine luxuriöse Villa aus Stein und Glas und verfügt über eine große Küche, ein Wohnzimmer mit Kamin und Panoramafenster, drei Schlafzimmer mit Kingsize-Betten und Ensuite-Badezimmern mit Whirlpool. Das Highlight ist der Pool mit einer Liegewiese, einer Bar und einem atemberaubenden Blick auf das Mittelmeer. Das Haus liegt an der Mittelmeerküste, wo Sie das warme Klima, die feinen Sandstrände und das kristallklare Wasser genießen können. Die Umgebung bietet viele Möglichkeiten für Wassersport, Golf, Shopping oder Kultur. Das Ferienhaus ist luxuriös und elegant eingerichtet und bietet Platz für bis zu 6 Personen.', 300, 6, '18039', 'Ventimiglia', 'Via del Mare', 10, 150, 4, 0, 1);
INSERT INTO vacation_rental_db.options (id, name, description, price, is_disabled, house_id, image_id) VALUES (43, 'Limousinenservice', 'Ein Limousinenservice buchen, der Sie zu jedem gewünschten Ort bringt. Sie können aus verschiedenen Modellen und Farben wählen und einen Chauffeur mit Uniform und Handschuhen haben. Der Limousinenservice ist rund um die Uhr verfügbar und kann an der Rezeption des Hauses bestellt werden.', 50, 0, 12, 103);
INSERT INTO vacation_rental_db.options (id, name, description, price, is_disabled, house_id, image_id) VALUES (44, 'Yachtcharter', 'Chartern Sie eine Yacht um eine Fahrt auf dem See zu machen. Sie können aus verschiedenen Größen und Ausstattungen wählen und einen Kapitän und eine Crew haben. Die Yacht verfügt über eine Küche, eine Lounge, eine Sonnenterrasse und ein Bad. Der Yachtcharter ist jeden Tag von 9 Uhr bis 18 Uhr verfügbar und kann an der Rezeption des Hauses bestellt werden.', 200, 0, 12, 104);
INSERT INTO vacation_rental_db.options (id, name, description, price, is_disabled, house_id, image_id) VALUES (45, 'Gourmet-Menü', 'Ein Gourmet-Menü in einem Sternerestaurant genießen. Sie erhalten ein 5-Gänge-Menü mit mediterranen Spezialitäten und einem Glas Champagner. Das Restaurant ist edel und raffiniert eingerichtet und bietet einen fantastischen Blick auf das Meer. Das Gourmet-Menü findet jeden Abend um 20 Uhr statt. Ein Taxi bringt Sie hin und zurück.', 40, 0, 12, 105);
INSERT INTO vacation_rental_db.options (id, name, description, price, is_disabled, house_id, image_id) VALUES (46, 'Helikopterflug', 'Buchen Sie einen Helikopterflug und betrachten Sie die Küste aus der Vogelperspektive. Ein erfahrener Pilot zeigt Ihnen die schönsten Orte und erzählt Ihnen interessante Fakten. Der Helikopterflug dauert etwa 30 Minuten und startet jeden Tag um 12 Uhr am Hubschrauberlandeplatz in der Nähe des Hauses.', 100, 0, 12, 106);
INSERT INTO vacation_rental_db.houses_has_features (houses_id, features_id) VALUES (12, 1);
INSERT INTO vacation_rental_db.houses_has_features (houses_id, features_id) VALUES (12, 2);
INSERT INTO vacation_rental_db.houses_has_features (houses_id, features_id) VALUES (12, 3);
INSERT INTO vacation_rental_db.houses_has_features (houses_id, features_id) VALUES (12, 4);
INSERT INTO vacation_rental_db.houses_has_features (houses_id, features_id) VALUES (12, 5);
INSERT INTO vacation_rental_db.houses_has_features (houses_id, features_id) VALUES (12, 6);
INSERT INTO vacation_rental_db.houses_has_features (houses_id, features_id) VALUES (12, 7);
INSERT INTO vacation_rental_db.houses_has_features (houses_id, features_id) VALUES (12, 8);
INSERT INTO vacation_rental_db.houses_has_features (houses_id, features_id) VALUES (12, 9);
INSERT INTO vacation_rental_db.houses_has_features (houses_id, features_id) VALUES (12, 10);
INSERT INTO vacation_rental_db.houses_has_features (houses_id, features_id) VALUES (12, 11);
INSERT INTO vacation_rental_db.houses_has_features (houses_id, features_id) VALUES (12, 14);
INSERT INTO vacation_rental_db.houses_has_features (houses_id, features_id) VALUES (12, 15);
INSERT INTO vacation_rental_db.houses_has_features (houses_id, features_id) VALUES (12, 16);
INSERT INTO vacation_rental_db.houses_has_features (houses_id, features_id) VALUES (12, 17);
INSERT INTO vacation_rental_db.houses_has_features (houses_id, features_id) VALUES (12, 21);
INSERT INTO vacation_rental_db.houses_has_features (houses_id, features_id) VALUES (12, 22);
INSERT INTO vacation_rental_db.houses_has_features (houses_id, features_id) VALUES (12, 23);
INSERT INTO vacation_rental_db.houses_has_features (houses_id, features_id) VALUES (12, 24);
INSERT INTO vacation_rental_db.houses_has_features (houses_id, features_id) VALUES (12, 25);
INSERT INTO vacation_rental_db.houses_has_features (houses_id, features_id) VALUES (12, 26);
INSERT INTO vacation_rental_db.houses_has_features (houses_id, features_id) VALUES (12, 27);
INSERT INTO vacation_rental_db.images (id, uuid, house_id, typetable_id) VALUES (98, '12_front.webp', 12, 1);
INSERT INTO vacation_rental_db.images (id, uuid, house_id, typetable_id) VALUES (99, '12_layout.webp', 12, 2);
INSERT INTO vacation_rental_db.images (id, uuid, house_id, typetable_id) VALUES (100, '12_other_1.webp', 12, 4);
INSERT INTO vacation_rental_db.images (id, uuid, house_id, typetable_id) VALUES (101, '12_other_2.webp', 12, 4);
INSERT INTO vacation_rental_db.images (id, uuid, house_id, typetable_id) VALUES (102, '12_other_3.webp', 12, 4);
INSERT INTO vacation_rental_db.images (id, uuid, house_id, typetable_id) VALUES (103, 'option_43.webp', 12, 3);
INSERT INTO vacation_rental_db.images (id, uuid, house_id, typetable_id) VALUES (104, 'option_44.webp', 12, 3);
INSERT INTO vacation_rental_db.images (id, uuid, house_id, typetable_id) VALUES (105, 'option_45.webp', 12, 3);
INSERT INTO vacation_rental_db.images (id, uuid, house_id, typetable_id) VALUES (106, 'option_46.webp', 12, 3);
INSERT INTO vacation_rental_db.tags (name, house_id) VALUES ('Luxus', 12);
INSERT INTO vacation_rental_db.tags (name, house_id) VALUES ('Villa', 12);
INSERT INTO vacation_rental_db.tags (name, house_id) VALUES ('Mittelmeer', 12);
INSERT INTO vacation_rental_db.tags (name, house_id) VALUES ('Meer', 12);
INSERT INTO vacation_rental_db.tags (name, house_id) VALUES ('Exklusiv', 12);
INSERT INTO vacation_rental_db.tags (name, house_id) VALUES ('Panorama', 12);


INSERT INTO vacation_rental_db.houses (id, name, description, price, max_person, postal_code, city, street, house_number, square_meter, room_count, is_disabled, owner_id) VALUES (13, 'Gemütliches Reetdachhaus auf einer Insel mit Kamin und Garten', 'Dieses Ferienhaus ist ideal für Urlauber, die Ruhe und Erholung suchen. Das Haus ist ein gemütliches Reetdachhaus aus dem 19. Jahrhundert und verfügt über eine kleine Küche, ein Wohnzimmer mit Kamin und Bücherregal, ein Schlafzimmer mit Doppelbett und ein Badezimmer mit Dusche. Das Highlight ist der Garten mit einem Teich, einer Hängematte und einem Obstbaum. Das Haus liegt auf einer kleinen Insel in der Nordsee, wo Sie die Abgeschiedenheit und die Natur genießen können. Die Insel ist autofrei und nur mit dem Boot erreichbar. Die Umgebung bietet viele Möglichkeiten für Vogelbeobachtung, Angeln oder Picknick. Das Ferienhaus ist urig und charmant eingerichtet und bietet Platz für bis zu 2 Personen.', 80, 2, '25849', 'Pellworm', 'Inselweg', 3, 50, 2, 0, 1);
INSERT INTO vacation_rental_db.options (id, name, description, price, is_disabled, house_id, image_id) VALUES (47, 'Bootsfahrt', 'Sie können eine Bootsfahrt um die Insel machen und die schöne Aussicht genießen. Ein freundlicher Bootsführer zeigt Ihnen die verschiedenen Sehenswürdigkeiten und erzählt Ihnen spannende Geschichten. Die Bootsfahrt dauert etwa eine Stunde und startet jeden Tag um 11 Uhr am Hafen.', 60, 0, 13, 112);
INSERT INTO vacation_rental_db.options (id, name, description, price, is_disabled, house_id, image_id) VALUES (48, 'Kuchen', 'Erhalten Sie einen leckeren Kuchen, der jeden Nachmittag an Ihre Tür geliefert wird. Der Kuchen ist hausgemacht und mit frischen Zutaten aus dem Garten zubereitet. Sie können aus verschiedenen Sorten wählen, wie z.B. Apfel, Kirsche, Schokolade oder Nuss.', 10, 0, 13, 113);
INSERT INTO vacation_rental_db.options (id, name, description, price, is_disabled, house_id, image_id) VALUES (49, 'Leuchtturmbesichtigung', 'Machen Sie eine Leuchtturmbesichtigung um den höchsten Punkt der Insel zu erreichen. Ein erfahrener Leuchtturmwärter zeigt Ihnen die verschiedenen Räume und Geräte und erzählt Ihnen interessante Fakten. Die Leuchtturmbesichtigung dauert etwa 45 Minuten und findet jeden Tag um 15 Uhr statt. Sie müssen eine Leiter hochsteigen, um den Leuchtturm zu betreten.', 18, 0, 13, 114);
INSERT INTO vacation_rental_db.houses_has_features (houses_id, features_id) VALUES (13, 1);
INSERT INTO vacation_rental_db.houses_has_features (houses_id, features_id) VALUES (13, 2);
INSERT INTO vacation_rental_db.houses_has_features (houses_id, features_id) VALUES (13, 3);
INSERT INTO vacation_rental_db.houses_has_features (houses_id, features_id) VALUES (13, 5);
INSERT INTO vacation_rental_db.houses_has_features (houses_id, features_id) VALUES (13, 6);
INSERT INTO vacation_rental_db.houses_has_features (houses_id, features_id) VALUES (13, 7);
INSERT INTO vacation_rental_db.houses_has_features (houses_id, features_id) VALUES (13, 8);
INSERT INTO vacation_rental_db.houses_has_features (houses_id, features_id) VALUES (13, 9);
INSERT INTO vacation_rental_db.houses_has_features (houses_id, features_id) VALUES (13, 10);
INSERT INTO vacation_rental_db.houses_has_features (houses_id, features_id) VALUES (13, 11);
INSERT INTO vacation_rental_db.houses_has_features (houses_id, features_id) VALUES (13, 12);
INSERT INTO vacation_rental_db.houses_has_features (houses_id, features_id) VALUES (13, 13);
INSERT INTO vacation_rental_db.houses_has_features (houses_id, features_id) VALUES (13, 15);
INSERT INTO vacation_rental_db.houses_has_features (houses_id, features_id) VALUES (13, 16);
INSERT INTO vacation_rental_db.houses_has_features (houses_id, features_id) VALUES (13, 18);
INSERT INTO vacation_rental_db.houses_has_features (houses_id, features_id) VALUES (13, 19);
INSERT INTO vacation_rental_db.houses_has_features (houses_id, features_id) VALUES (13, 20);
INSERT INTO vacation_rental_db.houses_has_features (houses_id, features_id) VALUES (13, 21);
INSERT INTO vacation_rental_db.houses_has_features (houses_id, features_id) VALUES (13, 22);
INSERT INTO vacation_rental_db.houses_has_features (houses_id, features_id) VALUES (13, 25);
INSERT INTO vacation_rental_db.images (id, uuid, house_id, typetable_id) VALUES (107, '13_front.webp', 13, 1);
INSERT INTO vacation_rental_db.images (id, uuid, house_id, typetable_id) VALUES (108, '13_layout.webp', 13, 2);
INSERT INTO vacation_rental_db.images (id, uuid, house_id, typetable_id) VALUES (109, '13_other_1.webp', 13, 4);
INSERT INTO vacation_rental_db.images (id, uuid, house_id, typetable_id) VALUES (110, '13_other_2.webp', 13, 4);
INSERT INTO vacation_rental_db.images (id, uuid, house_id, typetable_id) VALUES (111, '13_other_3.webp', 13, 4);
INSERT INTO vacation_rental_db.images (id, uuid, house_id, typetable_id) VALUES (112, 'option_47.webp', 13, 3);
INSERT INTO vacation_rental_db.images (id, uuid, house_id, typetable_id) VALUES (113, 'option_48.webp', 13, 3);
INSERT INTO vacation_rental_db.images (id, uuid, house_id, typetable_id) VALUES (114, 'option_49.webp', 13, 3);
INSERT INTO vacation_rental_db.tags (name, house_id) VALUES ('Reetdach', 13);
INSERT INTO vacation_rental_db.tags (name, house_id) VALUES ('Insel', 13);
INSERT INTO vacation_rental_db.tags (name, house_id) VALUES ('Erholung', 13);
INSERT INTO vacation_rental_db.tags (name, house_id) VALUES ('Wasser', 13);
INSERT INTO vacation_rental_db.tags (name, house_id) VALUES ('Strand', 13);


INSERT INTO vacation_rental_db.houses (id, name, description, price, max_person, postal_code, city, street, house_number, square_meter, room_count, is_disabled, owner_id) VALUES (14, 'Verlassenes Herrenhaus im Wald mit Kamin', 'Dieses Ferienhaus ist nur für Mutige, die einen Nervenkitzel suchen. Das Haus ist ein verlassenes Herrenhaus aus dem 19. Jahrhundert und verfügt über einen alten Kamin im Wohnzimmer, eine verstaubte Küche, ein Schlafzimmer mit einem zerfetzten Himmelbett und ein Badezimmer mit einer rostigen Badewanne. Das Highlight ist der Spuk, der das Haus heimsucht. Das Haus liegt in einem dunklen Wald, wo Sie keine Nachbarn oder Zivilisation finden. Der Wald ist voller Geräusche, Schatten und Gefahren. Die Umgebung bietet keine Möglichkeiten für Freizeitaktivitäten, außer sich zu gruseln. Das Ferienhaus ist schmutzig und unheimlich eingerichtet und bietet Platz für bis zu 2 Personen.', 50, 2, '34567', 'Schreckenbach', 'Waldweg', 13, 100, 2, 0, 1);
INSERT INTO vacation_rental_db.options (id, name, description, price, is_disabled, house_id, image_id) VALUES (50, 'Ouija-Brett', 'Ouija-Brett, mit dem Sie versuchen können, mit den Geistern im Haus zu kommunizieren. Ein Ouija-Brett ist ein Brett mit Buchstaben, Zahlen und Symbolen, auf dem Sie eine Planchette bewegen, um Antworten zu erhalten. Das Ouija-Brett liegt im Wohnzimmer auf dem Tisch.', 10, 0, 14, 120);
INSERT INTO vacation_rental_db.options (id, name, description, price, is_disabled, house_id, image_id) VALUES (51, 'Kerzen', 'Ein Set von Kerzen, die Sie im Haus verteilen können, um für etwas Licht zu sorgen. Die Kerzen sind schwarz und riechen nach verbranntem Holz. Die Kerzen liegen im Schlafzimmer auf dem Nachttisch.', 5, 0, 14, 121);
INSERT INTO vacation_rental_db.options (id, name, description, price, is_disabled, house_id, image_id) VALUES (52, 'Séance', 'Nehmen Sie an einer Séance teil, bei der Sie versuchen, die Geister im Haus zu beschwören. Ein Medium kommt zu Ihnen ins Haus und leitet die Séance an. Sie müssen sich im Kreis um einen Tisch setzen und sich an den Händen halten. Die Séance dauert etwa eine Stunde und findet jeden Abend um 21 Uhr statt. Sie müssen vorher reservieren, da das Medium sehr gefragt ist.', 20, 0, 14, 122);
INSERT INTO vacation_rental_db.options (id, name, description, price, is_disabled, house_id, image_id) VALUES (53, 'Fluchtweg', 'Ein Fluchtweg, falls Sie das Haus nicht mehr ertragen können. Ein Fluchtweg ist ein versteckter Ausgang, der Sie aus dem Haus führt. Der Fluchtweg befindet sich im Keller hinter einem Regal. Sie müssen einen Schlüssel finden, um ihn zu öffnen.', 30, 0, 14, 123);
INSERT INTO vacation_rental_db.houses_has_features (houses_id, features_id) VALUES (14, 2);
INSERT INTO vacation_rental_db.houses_has_features (houses_id, features_id) VALUES (14, 5);
INSERT INTO vacation_rental_db.houses_has_features (houses_id, features_id) VALUES (14, 6);
INSERT INTO vacation_rental_db.houses_has_features (houses_id, features_id) VALUES (14, 9);
INSERT INTO vacation_rental_db.houses_has_features (houses_id, features_id) VALUES (14, 11);
INSERT INTO vacation_rental_db.houses_has_features (houses_id, features_id) VALUES (14, 12);
INSERT INTO vacation_rental_db.houses_has_features (houses_id, features_id) VALUES (14, 15);
INSERT INTO vacation_rental_db.houses_has_features (houses_id, features_id) VALUES (14, 16);
INSERT INTO vacation_rental_db.houses_has_features (houses_id, features_id) VALUES (14, 19);
INSERT INTO vacation_rental_db.houses_has_features (houses_id, features_id) VALUES (14, 25);
INSERT INTO vacation_rental_db.images (id, uuid, house_id, typetable_id) VALUES (115, '14_front.webp', 14, 1);
INSERT INTO vacation_rental_db.images (id, uuid, house_id, typetable_id) VALUES (116, '14_layout.webp', 14, 2);
INSERT INTO vacation_rental_db.images (id, uuid, house_id, typetable_id) VALUES (117, '14_other_1.webp', 14, 4);
INSERT INTO vacation_rental_db.images (id, uuid, house_id, typetable_id) VALUES (118, '14_other_2.webp', 14, 4);
INSERT INTO vacation_rental_db.images (id, uuid, house_id, typetable_id) VALUES (119, '14_other_3.webp', 14, 4);
INSERT INTO vacation_rental_db.images (id, uuid, house_id, typetable_id) VALUES (120, 'option_50.webp', 14, 3);
INSERT INTO vacation_rental_db.images (id, uuid, house_id, typetable_id) VALUES (121, 'option_51.webp', 14, 3);
INSERT INTO vacation_rental_db.images (id, uuid, house_id, typetable_id) VALUES (122, 'option_52.webp', 14, 3);
INSERT INTO vacation_rental_db.images (id, uuid, house_id, typetable_id) VALUES (123, 'option_53.webp', 14, 3);
INSERT INTO vacation_rental_db.tags (name, house_id) VALUES ('Verlassen', 14);
INSERT INTO vacation_rental_db.tags (name, house_id) VALUES ('Herrenhaus', 14);
INSERT INTO vacation_rental_db.tags (name, house_id) VALUES ('Wald', 14);
INSERT INTO vacation_rental_db.tags (name, house_id) VALUES ('Spuk', 14);
INSERT INTO vacation_rental_db.tags (name, house_id) VALUES ('Geister', 14);
INSERT INTO vacation_rental_db.tags (name, house_id) VALUES ('Grusel', 14);
INSERT INTO vacation_rental_db.tags (name, house_id) VALUES ('Alt', 14);
INSERT INTO vacation_rental_db.tags (name, house_id) VALUES ('Abenteuer', 14);


INSERT INTO vacation_rental_db.houses (id, name, description, price, max_person, postal_code, city, street, house_number, square_meter, room_count, is_disabled, owner_id) VALUES (15, 'Rustikale Hafenspelunke mit Kneipe und Hafenblick', 'Dieses Ferienhaus ist nur für Abenteurer, die das raue Leben am Meer erleben wollen. Das Haus ist eine rustikale Hafenspelunke aus dem 17. Jahrhundert und verfügt über eine kleine Küche, ein Wohnzimmer mit einem Holztisch und einem alten Radio, ein Schlafzimmer mit einem Stockbett und ein Badezimmer mit einer Eimerdusche. Das Highlight ist die Kneipe, die sich im Erdgeschoss befindet und wo Sie mit den Einheimischen trinken, singen und Geschichten austauschen können. Die Kneipe ist mit allerlei Nippes aus der Seefahrt dekoriert und bietet einen tollen Blick auf den Hafen. Das Haus liegt in einer Hafenstadt an der Nordsee, wo Sie das maritime Flair, die frischen Fischgerichte und die historischen Schiffe genießen können. Die Umgebung bietet viele Möglichkeiten für Bootsfahrten, Museumsbesuche oder Hafenrundgänge. Das Ferienhaus ist einfach und urig eingerichtet und bietet Platz für bis zu 2 Personen.', 40, 2, '27568', 'Bremerhaven', 'Hafenstraße', 1, 50, 2, 0, 1);
INSERT INTO vacation_rental_db.options (id, name, description, price, is_disabled, house_id, image_id) VALUES (54, 'Freibier', 'Eine Karte, mit der Sie unbegrenzt Bier in der Kneipe trinken können. Das Bier ist hausgebraut und hat einen kräftigen Geschmack. Das Freibier ist jeden Tag von 18 Uhr bis 22 Uhr verfügbar und kann an der Theke der Kneipe bestellt werden.', 10, 0, 15, 128);
INSERT INTO vacation_rental_db.options (id, name, description, price, is_disabled, house_id, image_id) VALUES (55, 'Segeltörn', 'Sie können an einem Segeltörn teilnehmen und das Meer hautnah erleben. Ein erfahrener Skipper zeigt Ihnen die Grundlagen des Segelns und nimmt Sie mit auf eine spannende Fahrt. Der Segeltörn dauert etwa 3 Stunden und findet jeden Tag um 10 Uhr am Hafen statt. Sie erhalten eine Segelausrüstung mit Jacke, Hose und Mütze.', 30, 0, 15, 129);
INSERT INTO vacation_rental_db.options (id, name, description, price, is_disabled, house_id, image_id) VALUES (56, 'Hafenrallye', 'Eine Hafenrallye um die Stadt spielerisch zu erkunden. Eine Hafenrallye ist eine Schnitzeljagd, bei der Sie verschiedene Rätsel lösen und Aufgaben erfüllen müssen. Die Hafenrallye dauert etwa 2 Stunden und startet jeden Tag um 14 Uhr an der Touristeninformation am Hafen. Sie erhalten eine Karte, einen Kompass und einen Rucksack mit verschiedenen Utensilien.', 15, 0, 15, 130);
INSERT INTO vacation_rental_db.options (id, name, description, price, is_disabled, house_id, image_id) VALUES (57, 'Shanty-Chor', 'Treten Sie einem Shanty-Chor bei und singen Sie traditionelle Seemannslieder. Ein Shanty-Chor ist eine Gruppe von Sängern, die Lieder über das Leben auf See singen. Der Shanty-Chor trifft sich jeden Abend um 20 Uhr in der Kneipe und singt gemeinsam mit einem Akkordeonspieler. Sie erhalten ein Liederbuch mit den Texten und Melodien.', 5, 0, 15, 131);
INSERT INTO vacation_rental_db.houses_has_features (houses_id, features_id) VALUES (15, 2);
INSERT INTO vacation_rental_db.houses_has_features (houses_id, features_id) VALUES (15, 4);
INSERT INTO vacation_rental_db.houses_has_features (houses_id, features_id) VALUES (15, 7);
INSERT INTO vacation_rental_db.houses_has_features (houses_id, features_id) VALUES (15, 10);
INSERT INTO vacation_rental_db.houses_has_features (houses_id, features_id) VALUES (15, 21);
INSERT INTO vacation_rental_db.images (id, uuid, house_id, typetable_id) VALUES (124, '15_front.webp', 15, 1);
INSERT INTO vacation_rental_db.images (id, uuid, house_id, typetable_id) VALUES (125, '15_layout.webp', 15, 2);
INSERT INTO vacation_rental_db.images (id, uuid, house_id, typetable_id) VALUES (126, '15_other_1.webp', 15, 4);
INSERT INTO vacation_rental_db.images (id, uuid, house_id, typetable_id) VALUES (127, '15_other_2.webp', 15, 4);
INSERT INTO vacation_rental_db.images (id, uuid, house_id, typetable_id) VALUES (128, 'option_54.webp', 15, 3);
INSERT INTO vacation_rental_db.images (id, uuid, house_id, typetable_id) VALUES (129, 'option_55.webp', 15, 3);
INSERT INTO vacation_rental_db.images (id, uuid, house_id, typetable_id) VALUES (130, 'option_56.webp', 15, 3);
INSERT INTO vacation_rental_db.images (id, uuid, house_id, typetable_id) VALUES (131, 'option_57.webp', 15, 3);
INSERT INTO vacation_rental_db.tags (name, house_id) VALUES ('Rustikal', 15);
INSERT INTO vacation_rental_db.tags (name, house_id) VALUES ('Hafen', 15);
INSERT INTO vacation_rental_db.tags (name, house_id) VALUES ('Kneipe', 15);
INSERT INTO vacation_rental_db.tags (name, house_id) VALUES ('Wasser', 15);
INSERT INTO vacation_rental_db.tags (name, house_id) VALUES ('Spelunke', 15);


INSERT INTO vacation_rental_db.houses (id, name, description, price, max_person, postal_code, city, street, house_number, square_meter, room_count, is_disabled, owner_id) VALUES (16, 'Idyllische Almhütte in den Dolomiten mit Kamin und Almblick', 'Dieses Ferienhaus ist ideal für Urlauber, die Ruhe und Natur suchen. Das Haus ist eine idyllische Almhütte aus Holz und Stein und verfügt über eine kleine Küche, ein Wohnzimmer mit Kamin und Holztisch, ein Schlafzimmer mit Doppelbett und ein Badezimmer mit Dusche. Das Highlight ist der Almblick, der Ihnen einen herrlichen Blick auf die grünen Wiesen, die bunten Blumen und die majestätischen Gipfel der Dolomiten bietet. Das Haus liegt auf einer Alm in den Dolomiten, wo Sie die frische Luft, die klare Quelle und die gesunden Produkte der Almbauern genießen können. Die Umgebung bietet viele Möglichkeiten für Wanderungen, Radtouren oder Klettertouren. Das Ferienhaus ist einfach und gemütlich eingerichtet und bietet Platz für bis zu 2 Personen.', 60, 2, '39030', 'Prags', 'Almweg', 5, 40, 2, 0, 1);
INSERT INTO vacation_rental_db.options (id, name, description, price, is_disabled, house_id, image_id) VALUES (58, 'Almkäse', 'Einen Laib Almkäse, der aus der frischen Milch der Almkühe hergestellt wird. Der Almkäse ist würzig und aromatisch und schmeckt am besten mit Brot und Butter. Der Almkäse liegt in der Küche im Kühlschrank.', 5, 0, 16, 137);
INSERT INTO vacation_rental_db.options (id, name, description, price, is_disabled, house_id, image_id) VALUES (59, 'Almwanderung', 'Sie können an einer Almwanderung teilnehmen und die Schönheit der Almlandschaft entdecken. Ein erfahrener Almführer zeigt Ihnen die verschiedenen Pflanzen und Tiere, die auf der Alm leben. Die Almwanderung dauert etwa 2 Stunden und startet jeden Tag um 10 Uhr vor dem Haus. Sie erhalten eine Wanderkarte und einen Rucksack mit einem Almvesper.', 10, 0, 16, 138);
INSERT INTO vacation_rental_db.options (id, name, description, price, is_disabled, house_id, image_id) VALUES (60, 'Almjause', 'Eine Almjause in einer Almhütte genießen. Sie erhalten eine Auswahl an typischen Almspezialitäten, wie z.B. Speck, Wurst, Brot, Butter, Marmelade, Kuchen und Schnaps. Die Almhütte ist urig und gemütlich eingerichtet und bietet einen tollen Blick auf die Alm. Die Almjause findet jeden Nachmittag um 16 Uhr statt. Ein Traktor bringt Sie hin und zurück.', 15, 0, 16, 139);
INSERT INTO vacation_rental_db.options (id, name, description, price, is_disabled, house_id, image_id) VALUES (61, 'Almmusik', 'Almmusik lauschen und traditionelle Volkslieder hören. Eine Almmusik ist eine Gruppe von Musikanten, die mit verschiedenen Instrumenten, wie z.B. Zither, Harfe, Akkordeon oder Flöte, die Alm zum Klingen bringen. Die Almmusik spielt jeden Abend um 20 Uhr in der Kneipe und singt gemeinsam mit den Gästen. Sie erhalten ein Liederbuch mit den Texten und Melodien.', 5, 0, 16, 140);
INSERT INTO vacation_rental_db.houses_has_features (houses_id, features_id) VALUES (16, 1);
INSERT INTO vacation_rental_db.houses_has_features (houses_id, features_id) VALUES (16, 2);
INSERT INTO vacation_rental_db.houses_has_features (houses_id, features_id) VALUES (16, 3);
INSERT INTO vacation_rental_db.houses_has_features (houses_id, features_id) VALUES (16, 4);
INSERT INTO vacation_rental_db.houses_has_features (houses_id, features_id) VALUES (16, 5);
INSERT INTO vacation_rental_db.houses_has_features (houses_id, features_id) VALUES (16, 6);
INSERT INTO vacation_rental_db.houses_has_features (houses_id, features_id) VALUES (16, 7);
INSERT INTO vacation_rental_db.houses_has_features (houses_id, features_id) VALUES (16, 8);
INSERT INTO vacation_rental_db.houses_has_features (houses_id, features_id) VALUES (16, 9);
INSERT INTO vacation_rental_db.houses_has_features (houses_id, features_id) VALUES (16, 10);
INSERT INTO vacation_rental_db.houses_has_features (houses_id, features_id) VALUES (16, 15);
INSERT INTO vacation_rental_db.houses_has_features (houses_id, features_id) VALUES (16, 16);
INSERT INTO vacation_rental_db.houses_has_features (houses_id, features_id) VALUES (16, 17);
INSERT INTO vacation_rental_db.houses_has_features (houses_id, features_id) VALUES (16, 22);
INSERT INTO vacation_rental_db.houses_has_features (houses_id, features_id) VALUES (16, 25);
INSERT INTO vacation_rental_db.houses_has_features (houses_id, features_id) VALUES (16, 26);
INSERT INTO vacation_rental_db.images (id, uuid, house_id, typetable_id) VALUES (132, '16_front.webp', 16, 1);
INSERT INTO vacation_rental_db.images (id, uuid, house_id, typetable_id) VALUES (133, '16_layout.webp', 16, 2);
INSERT INTO vacation_rental_db.images (id, uuid, house_id, typetable_id) VALUES (134, '16_other_1.webp', 16, 4);
INSERT INTO vacation_rental_db.images (id, uuid, house_id, typetable_id) VALUES (135, '16_other_2.webp', 16, 4);
INSERT INTO vacation_rental_db.images (id, uuid, house_id, typetable_id) VALUES (136, '16_other_3.webp', 16, 4);
INSERT INTO vacation_rental_db.images (id, uuid, house_id, typetable_id) VALUES (137, 'option_58.webp', 16, 3);
INSERT INTO vacation_rental_db.images (id, uuid, house_id, typetable_id) VALUES (138, 'option_59.webp', 16, 3);
INSERT INTO vacation_rental_db.images (id, uuid, house_id, typetable_id) VALUES (139, 'option_60.webp', 16, 3);
INSERT INTO vacation_rental_db.images (id, uuid, house_id, typetable_id) VALUES (140, 'option_61.webp', 16, 3);
INSERT INTO vacation_rental_db.tags (name, house_id) VALUES ('Idylle', 16);
INSERT INTO vacation_rental_db.tags (name, house_id) VALUES ('Almhütte', 16);
INSERT INTO vacation_rental_db.tags (name, house_id) VALUES ('Dolomiten', 16);
INSERT INTO vacation_rental_db.tags (name, house_id) VALUES ('Alm', 16);
INSERT INTO vacation_rental_db.tags (name, house_id) VALUES ('Berg', 16);
INSERT INTO vacation_rental_db.tags (name, house_id) VALUES ('Berge', 16);
INSERT INTO vacation_rental_db.tags (name, house_id) VALUES ('Wandern', 16);
INSERT INTO vacation_rental_db.tags (name, house_id) VALUES ('Radtour', 16);
INSERT INTO vacation_rental_db.tags (name, house_id) VALUES ('Klettern', 16);


INSERT INTO vacation_rental_db.houses (id, name, description, price, max_person, postal_code, city, street, house_number, square_meter, room_count, is_disabled, owner_id) VALUES (17, 'Apartment in der Rigaer Straße mit Graffiti und Ghettoflair', 'Dieses Ferienhaus ist nur für Rebellen, die das alternative Leben in der Stadt suchen. Das Haus ist ein einfaches Apartment in einem besetzten Gebäude und verfügt über eine kleine Küche, ein Wohnzimmer mit einem Sofa und einem Plattenspieler, ein Schlafzimmer mit einem Matratzenlager und ein Badezimmer mit einer Gemeinschaftsdusche. Das Highlight ist das Graffiti, das die Wände des Hauses schmückt und die politischen Botschaften der Bewohner ausdrückt. Das Haus liegt in der Rigaer Straße, wo Sie viel Protest, Widerstand und Solidarität finden. Die Straße ist seit Jahren ein Brennpunkt der Gewalt zwischen Autonomen und der Polizei. Die Umgebung bietet viele Möglichkeiten für Demonstrationen, Konzerte oder Kunst. Das Ferienhaus ist billig und kreativ eingerichtet und bietet Platz für bis zu 4 Personen.', 30, 4, '10247', 'Berlin', 'Rigaer Straße', 94, 60, 2, 0, 1);
INSERT INTO vacation_rental_db.options (id, name, description, price, is_disabled, house_id, image_id) VALUES (62, 'Spraydose', 'Eine Spraydose, mit der Sie Ihr eigenes Graffiti an die Wand sprühen können. Die Spraydose ist in verschiedenen Farben erhältlich und hat eine hohe Deckkraft. Die Spraydose liegt im Wohnzimmer auf dem Regal.', 5, 0, 17, 146);
INSERT INTO vacation_rental_db.options (id, name, description, price, is_disabled, house_id, image_id) VALUES (63, 'Konzertkarte', 'Konzertkarte, mit der Sie ein Konzert in einem der vielen alternativen Clubs in der Nähe besuchen können. Das Konzert ist von lokalen Bands, die verschiedene Musikrichtungen spielen, wie z.B. Punk, Rock, Hip-Hop oder Reggae. Das Konzert findet jeden Abend um 21 Uhr statt. Sie erhalten eine Liste mit den aktuellen Terminen und Orten.', 10, 0, 17, 147);
INSERT INTO vacation_rental_db.options (id, name, description, price, is_disabled, house_id, image_id) VALUES (64, 'Molotowcocktail', 'Gebrauchtes Molotowcocktail, mit dem Sie sich an den Auseinandersetzungen mit der Polizei beteiligen können. Ein Molotowcocktail ist eine Flasche mit brennbarer Flüssigkeit, die mit einem Lappen versehen ist, der als Zündschnur dient. Der Molotowcocktail ist eine gefährliche Waffe und sollte nur im Notfall verwendet werden. Der Molotowcocktail liegt im Schlafzimmer unter dem Bett.', 20, 0, 17, 148);
INSERT INTO vacation_rental_db.options (id, name, description, price, is_disabled, house_id, image_id) VALUES (65, 'Stadtführung', 'An einer Stadtführung teilnehmen, die Ihnen die Geschichte und die Kultur der Rigaer Straße und des Berliner Ghettos zeigt. Ein erfahrener Stadtführer zeigt Ihnen die verschiedenen Orte und erzählt Ihnen spannende Geschichten. Die Stadtführung dauert etwa 2 Stunden und startet jeden Tag um 14 Uhr vor dem Haus. Sie erhalten eine Broschüre mit den wichtigsten Informationen.', 15, 0, 17, 149);
INSERT INTO vacation_rental_db.houses_has_features (houses_id, features_id) VALUES (17, 3);
INSERT INTO vacation_rental_db.houses_has_features (houses_id, features_id) VALUES (17, 7);
INSERT INTO vacation_rental_db.houses_has_features (houses_id, features_id) VALUES (17, 10);
INSERT INTO vacation_rental_db.images (id, uuid, house_id, typetable_id) VALUES (141, '17_front.webp', 17, 1);
INSERT INTO vacation_rental_db.images (id, uuid, house_id, typetable_id) VALUES (142, '17_layout.webp', 17, 2);
INSERT INTO vacation_rental_db.images (id, uuid, house_id, typetable_id) VALUES (143, '17_other_1.webp', 17, 4);
INSERT INTO vacation_rental_db.images (id, uuid, house_id, typetable_id) VALUES (144, '17_other_2.webp', 17, 4);
INSERT INTO vacation_rental_db.images (id, uuid, house_id, typetable_id) VALUES (145, '17_other_3.webp', 17, 4);
INSERT INTO vacation_rental_db.images (id, uuid, house_id, typetable_id) VALUES (146, 'option_62.webp', 17, 3);
INSERT INTO vacation_rental_db.images (id, uuid, house_id, typetable_id) VALUES (147, 'option_63.webp', 17, 3);
INSERT INTO vacation_rental_db.images (id, uuid, house_id, typetable_id) VALUES (148, 'option_64.webp', 17, 3);
INSERT INTO vacation_rental_db.images (id, uuid, house_id, typetable_id) VALUES (149, 'option_65.webp', 17, 3);
INSERT INTO vacation_rental_db.tags (name, house_id) VALUES ('Apartment', 17);
INSERT INTO vacation_rental_db.tags (name, house_id) VALUES ('Graffiti', 17);
INSERT INTO vacation_rental_db.tags (name, house_id) VALUES ('Ghetto', 17);
INSERT INTO vacation_rental_db.tags (name, house_id) VALUES ('Rebellen', 17);


INSERT INTO vacation_rental_db.houses (id, name, description, price, max_person, postal_code, city, street, house_number, square_meter, room_count, is_disabled, owner_id) VALUES (18, 'Modernes Loft in der Reeperbahn mit Dachterrasse und Nachtleben', 'Dieses Ferienhaus ist ideal für Urlauber, die Spaß und Unterhaltung suchen. Das Haus ist ein modernes Loft in einem renovierten Gebäude und verfügt über eine offene Küche, ein Wohnzimmer mit einem großen Sofa und einem Flachbild-TV, ein Schlafzimmer mit einem Doppelbett und einem begehbaren Kleiderschrank und ein Badezimmer mit einer Regendusche. Das Highlight ist die Dachterrasse mit einem Whirlpool, einer Lounge und einem fantastischen Blick auf die Reeperbahn. Das Haus liegt in der Reeperbahn, wo Sie das pulsierende Nachtleben, die vielfältigen Bars und Clubs und die berühmten Shows und Musicals genießen können. Die Umgebung bietet viele Möglichkeiten für Shopping, Kultur oder Sightseeing. Das Ferienhaus ist stilvoll und komfortabel eingerichtet und bietet Platz für bis zu 2 Personen.', 150, 2, '20359', 'Hamburg', 'Reeperbahn', 1, 80, 2, 0, 1);
INSERT INTO vacation_rental_db.options (id, name, description, price, is_disabled, house_id, image_id) VALUES (66, 'Champagner', 'Eine Flasche Champagner, die Sie auf der Dachterrasse genießen können. Der Champagner ist gekühlt und hat einen feinen Geschmack. Der Champagner liegt in der Küche im Kühlschrank.', 20, 0, 18, 154);
INSERT INTO vacation_rental_db.options (id, name, description, price, is_disabled, house_id, image_id) VALUES (67, 'Showkarte', 'Showkarte, mit der Sie eine Show in einem der vielen Theater in der Nähe besuchen können. Die Show ist von internationalen Künstlern, die verschiedene Genres darbieten, wie z.B. Comedy, Musical, Cabaret oder Erotik. Die Show findet jeden Abend um 20 Uhr statt. Sie erhalten eine Liste mit den aktuellen Programmen und Orten.', 30, 0, 18, 155);
INSERT INTO vacation_rental_db.options (id, name, description, price, is_disabled, house_id, image_id) VALUES (68, 'Limousinenservice', 'Bringt Sie zu jedem gewünschten Ort. Sie können aus verschiedenen Modellen und Farben wählen und einen Chauffeur mit Uniform und Handschuhen haben. Der Limousinenservice ist rund um die Uhr verfügbar und kann an der Rezeption des Hauses bestellt werden.', 50, 0, 18, 156);
INSERT INTO vacation_rental_db.options (id, name, description, price, is_disabled, house_id, image_id) VALUES (69, 'Stadtführung', 'Lassen Sie sich die Geschichte und die Highlights der Reeperbahn und Hamburg zeigen. Ein erfahrener Stadtführer zeigt Ihnen die verschiedenen Orte und erzählt Ihnen spannende Geschichten. Die Stadtführung dauert etwa 2 Stunden und startet jeden Tag um 14 Uhr vor dem Haus. Sie erhalten eine Broschüre mit den wichtigsten Informationen.', 15, 0, 18, 157);
INSERT INTO vacation_rental_db.houses_has_features (houses_id, features_id) VALUES (18, 1);
INSERT INTO vacation_rental_db.houses_has_features (houses_id, features_id) VALUES (18, 2);
INSERT INTO vacation_rental_db.houses_has_features (houses_id, features_id) VALUES (18, 3);
INSERT INTO vacation_rental_db.houses_has_features (houses_id, features_id) VALUES (18, 4);
INSERT INTO vacation_rental_db.houses_has_features (houses_id, features_id) VALUES (18, 5);
INSERT INTO vacation_rental_db.houses_has_features (houses_id, features_id) VALUES (18, 6);
INSERT INTO vacation_rental_db.houses_has_features (houses_id, features_id) VALUES (18, 7);
INSERT INTO vacation_rental_db.houses_has_features (houses_id, features_id) VALUES (18, 8);
INSERT INTO vacation_rental_db.houses_has_features (houses_id, features_id) VALUES (18, 9);
INSERT INTO vacation_rental_db.houses_has_features (houses_id, features_id) VALUES (18, 10);
INSERT INTO vacation_rental_db.houses_has_features (houses_id, features_id) VALUES (18, 15);
INSERT INTO vacation_rental_db.houses_has_features (houses_id, features_id) VALUES (18, 16);
INSERT INTO vacation_rental_db.houses_has_features (houses_id, features_id) VALUES (18, 17);
INSERT INTO vacation_rental_db.houses_has_features (houses_id, features_id) VALUES (18, 23);
INSERT INTO vacation_rental_db.houses_has_features (houses_id, features_id) VALUES (18, 26);
INSERT INTO vacation_rental_db.houses_has_features (houses_id, features_id) VALUES (18, 27);
INSERT INTO vacation_rental_db.images (id, uuid, house_id, typetable_id) VALUES (150, '18_front.webp', 18, 1);
INSERT INTO vacation_rental_db.images (id, uuid, house_id, typetable_id) VALUES (151, '18_layout.webp', 18, 2);
INSERT INTO vacation_rental_db.images (id, uuid, house_id, typetable_id) VALUES (152, '18_other_1.webp', 18, 4);
INSERT INTO vacation_rental_db.images (id, uuid, house_id, typetable_id) VALUES (153, '18_other_2.webp', 18, 4);
INSERT INTO vacation_rental_db.images (id, uuid, house_id, typetable_id) VALUES (154, 'option_66.webp', 18, 3);
INSERT INTO vacation_rental_db.images (id, uuid, house_id, typetable_id) VALUES (155, 'option_67.webp', 18, 3);
INSERT INTO vacation_rental_db.images (id, uuid, house_id, typetable_id) VALUES (156, 'option_68.webp', 18, 3);
INSERT INTO vacation_rental_db.images (id, uuid, house_id, typetable_id) VALUES (157, 'option_69.webp', 18, 3);
INSERT INTO vacation_rental_db.tags (name, house_id) VALUES ('Modern', 18);
INSERT INTO vacation_rental_db.tags (name, house_id) VALUES ('Loft', 18);
INSERT INTO vacation_rental_db.tags (name, house_id) VALUES ('Reeperbahn', 18);
INSERT INTO vacation_rental_db.tags (name, house_id) VALUES ('Dachterrasse', 18);
INSERT INTO vacation_rental_db.tags (name, house_id) VALUES ('Nachtleben', 18);
INSERT INTO vacation_rental_db.tags (name, house_id) VALUES ('Doppelbett', 18);


INSERT INTO vacation_rental_db.houses (id, name, description, price, max_person, postal_code, city, street, house_number, square_meter, room_count, is_disabled, owner_id) VALUES (19, 'Romantisches Fachwerkhaus in der Altstadt mit Kamin und Garten', 'Dieses Ferienhaus ist ideal für Urlauber, die Geschichte und Charme suchen. Das Haus ist ein romantisches Fachwerkhaus aus dem 16. Jahrhundert und verfügt über eine kleine Küche, ein Wohnzimmer mit Kamin und Holzbalken, ein Schlafzimmer mit einem Himmelbett und ein Badezimmer mit einer Badewanne. Das Highlight ist der Garten mit einem Brunnen, einer Laube und einem Rosenbeet. Das Haus liegt in der Altstadt von Freiburg, wo Sie das mittelalterliche Flair, die malerischen Gassen und die berühmten Bächle genießen können. Die Umgebung bietet viele Möglichkeiten für Kultur, Gastronomie oder Shopping. Das Ferienhaus ist liebevoll und stilvoll eingerichtet und bietet Platz für bis zu 2 Personen.', 100, 2, '79098', 'Freiburg', 'Fischerau', 12, 60, 2, 0, 1);
INSERT INTO vacation_rental_db.options (id, name, description, price, is_disabled, house_id, image_id) VALUES (70, 'Wein', 'Für 10 € erhalten Sie eine Flasche Wein, die Sie im Garten genießen können. Der Wein ist aus der Region und hat einen fruchtigen Geschmack. Der Wein liegt in der Küche im Weinkühler.', 10, 0, 19, 163);
INSERT INTO vacation_rental_db.options (id, name, description, price, is_disabled, house_id, image_id) VALUES (71, 'Kuchen', 'Für 5 € pro Person erhalten Sie einen leckeren Kuchen, der jeden Nachmittag an Ihre Tür geliefert wird. Der Kuchen ist hausgemacht und mit frischen Zutaten aus dem Garten zubereitet. Sie können aus verschiedenen Sorten wählen, wie z.B. Apfel, Kirsche, Schokolade oder Nuss.', 5, 0, 19, 164);
INSERT INTO vacation_rental_db.options (id, name, description, price, is_disabled, house_id, image_id) VALUES (18, 'Sauna', 'Nutzen Sie die im Haus integrierte Sauna und vergessen Sie die kalte Jahreszeit.', 25, 0, 19, 43);
INSERT INTO vacation_rental_db.houses_has_features (houses_id, features_id) VALUES (19, 1);
INSERT INTO vacation_rental_db.houses_has_features (houses_id, features_id) VALUES (19, 3);
INSERT INTO vacation_rental_db.houses_has_features (houses_id, features_id) VALUES (19, 4);
INSERT INTO vacation_rental_db.houses_has_features (houses_id, features_id) VALUES (19, 7);
INSERT INTO vacation_rental_db.houses_has_features (houses_id, features_id) VALUES (19, 9);
INSERT INTO vacation_rental_db.houses_has_features (houses_id, features_id) VALUES (19, 10);
INSERT INTO vacation_rental_db.houses_has_features (houses_id, features_id) VALUES (19, 11);
INSERT INTO vacation_rental_db.houses_has_features (houses_id, features_id) VALUES (19, 12);
INSERT INTO vacation_rental_db.houses_has_features (houses_id, features_id) VALUES (19, 15);
INSERT INTO vacation_rental_db.houses_has_features (houses_id, features_id) VALUES (19, 18);
INSERT INTO vacation_rental_db.houses_has_features (houses_id, features_id) VALUES (19, 20);
INSERT INTO vacation_rental_db.houses_has_features (houses_id, features_id) VALUES (19, 24);
INSERT INTO vacation_rental_db.houses_has_features (houses_id, features_id) VALUES (19, 25);
INSERT INTO vacation_rental_db.images (id, uuid, house_id, typetable_id) VALUES (158, '19_front.webp', 19, 1);
INSERT INTO vacation_rental_db.images (id, uuid, house_id, typetable_id) VALUES (159, '19_layout.webp', 19, 2);
INSERT INTO vacation_rental_db.images (id, uuid, house_id, typetable_id) VALUES (160, '19_other_1.webp', 19, 4);
INSERT INTO vacation_rental_db.images (id, uuid, house_id, typetable_id) VALUES (161, '19_other_2.webp', 19, 4);
INSERT INTO vacation_rental_db.images (id, uuid, house_id, typetable_id) VALUES (162, '19_other_3.webp', 19, 4);
INSERT INTO vacation_rental_db.images (id, uuid, house_id, typetable_id) VALUES (43, 'option_18.webp', 5, 3);
INSERT INTO vacation_rental_db.images (id, uuid, house_id, typetable_id) VALUES (163, 'option_70.webp', 19, 3);
INSERT INTO vacation_rental_db.images (id, uuid, house_id, typetable_id) VALUES (164, 'option_71.webp', 19, 3);
INSERT INTO vacation_rental_db.tags (name, house_id) VALUES ('Romantisch', 19);
INSERT INTO vacation_rental_db.tags (name, house_id) VALUES ('Fachwerkhaus', 19);
INSERT INTO vacation_rental_db.tags (name, house_id) VALUES ('Fachwerk', 19);
INSERT INTO vacation_rental_db.tags (name, house_id) VALUES ('Altstadt', 19);

COMMIT;

SET SQL_MODE = @OLD_SQL_MODE;
SET FOREIGN_KEY_CHECKS = @OLD_FOREIGN_KEY_CHECKS;
SET UNIQUE_CHECKS = @OLD_UNIQUE_CHECKS;