-- MySQL Script generated by MySQL Workbench
-- Wed Dec 13 10:24:33 2023
-- Model: New Model    Version: 1.0
-- MySQL Workbench Forward Engineering

SET @OLD_UNIQUE_CHECKS = @@UNIQUE_CHECKS, UNIQUE_CHECKS = 0;
SET @OLD_FOREIGN_KEY_CHECKS = @@FOREIGN_KEY_CHECKS, FOREIGN_KEY_CHECKS = 0;
SET @OLD_SQL_MODE = @@SQL_MODE, SQL_MODE =
        'ONLY_FULL_GROUP_BY,STRICT_TRANS_TABLES,NO_ZERO_IN_DATE,NO_ZERO_DATE,ERROR_FOR_DIVISION_BY_ZERO,NO_ENGINE_SUBSTITUTION';

-- -----------------------------------------------------
-- Schema vacation_rental_db
-- -----------------------------------------------------

-- -----------------------------------------------------
-- Schema vacation_rental_db
-- -----------------------------------------------------
CREATE SCHEMA IF NOT EXISTS `vacation_rental_db` DEFAULT CHARACTER SET utf8 ;
USE `vacation_rental_db` ;

-- -----------------------------------------------------
-- Table `vacation_rental_db`.`users`
-- -----------------------------------------------------
DROP TABLE IF EXISTS `vacation_rental_db`.`users`;

CREATE TABLE IF NOT EXISTS `vacation_rental_db`.`users`
(
    `id`       INT UNSIGNED NOT NULL AUTO_INCREMENT,
    `email`    VARCHAR(254) NOT NULL,
    `password` VARCHAR(64)  NOT NULL,
    `forename` VARCHAR(64)  NOT NULL,
    `surname`  VARCHAR(100) NOT NULL,
    PRIMARY KEY (`id`)
)
    ENGINE = InnoDB;

CREATE UNIQUE INDEX `ID_UNIQUE` ON `vacation_rental_db`.`users` (`id` ASC);

CREATE UNIQUE INDEX `email_UNIQUE` ON `vacation_rental_db`.`users` (`email` ASC);


-- -----------------------------------------------------
-- Table `vacation_rental_db`.`houses`
-- -----------------------------------------------------
DROP TABLE IF EXISTS `vacation_rental_db`.`houses`;

CREATE TABLE IF NOT EXISTS `vacation_rental_db`.`houses`
(
    `id`           INT UNSIGNED      NOT NULL AUTO_INCREMENT,
    `name`         VARCHAR(64)       NOT NULL,
    `description`  LONGTEXT          NOT NULL,
    `price`        DECIMAL UNSIGNED  NOT NULL,
    `max_person`   SMALLINT UNSIGNED NOT NULL,
    `postal_code`  VARCHAR(10)       NOT NULL,
    `city`         VARCHAR(45)       NOT NULL,
    `street`       VARCHAR(64)       NOT NULL,
    `house_number` SMALLINT UNSIGNED NOT NULL,
    `square_meter` INT UNSIGNED      NOT NULL,
    `room_count`   SMALLINT UNSIGNED NOT NULL,
    `is_disabled`  TINYINT           NOT NULL DEFAULT 1,
    `owner_id`     INT UNSIGNED      NOT NULL,
    PRIMARY KEY (`id`),
    CONSTRAINT `fk_House_User1`
        FOREIGN KEY (`owner_id`)
            REFERENCES `vacation_rental_db`.`users` (`id`)
            ON DELETE NO ACTION
            ON UPDATE NO ACTION
)
    ENGINE = InnoDB;

CREATE UNIQUE INDEX `ID_UNIQUE` ON `vacation_rental_db`.`houses` (`id` ASC);

CREATE INDEX `fk_House_User1_idx` ON `vacation_rental_db`.`houses` (`owner_id` ASC);


-- -----------------------------------------------------
-- Table `vacation_rental_db`.`tags`
-- -----------------------------------------------------
DROP TABLE IF EXISTS `vacation_rental_db`.`tags`;

CREATE TABLE IF NOT EXISTS `vacation_rental_db`.`tags`
(
    `id`       INT UNSIGNED NOT NULL AUTO_INCREMENT,
    `name`     VARCHAR(45)  NOT NULL,
    `house_id` INT UNSIGNED NOT NULL,
    PRIMARY KEY (`id`),
    CONSTRAINT `fk_Tag_House1`
        FOREIGN KEY (`house_id`)
            REFERENCES `vacation_rental_db`.`houses` (`id`)
            ON DELETE CASCADE
            ON UPDATE NO ACTION
)
    ENGINE = InnoDB;

CREATE UNIQUE INDEX `ID_UNIQUE` ON `vacation_rental_db`.`tags` (`id` ASC);

CREATE INDEX `fk_Tag_House1_idx` ON `vacation_rental_db`.`tags` (`house_id` ASC);

CREATE UNIQUE INDEX `house_tag_constraint` ON `vacation_rental_db`.`tags` (`name` ASC, `house_id` ASC);


-- -----------------------------------------------------
-- Table `vacation_rental_db`.`typetables`
-- -----------------------------------------------------
DROP TABLE IF EXISTS `vacation_rental_db`.`typetables`;

CREATE TABLE IF NOT EXISTS `vacation_rental_db`.`typetables`
(
    `id`   INT UNSIGNED NOT NULL AUTO_INCREMENT,
    `type` VARCHAR(20)  NOT NULL,
    PRIMARY KEY (`id`)
)
    ENGINE = InnoDB;

CREATE UNIQUE INDEX `ID_UNIQUE` ON `vacation_rental_db`.`typetables` (`id` ASC);


-- -----------------------------------------------------
-- Table `vacation_rental_db`.`images`
-- -----------------------------------------------------
DROP TABLE IF EXISTS `vacation_rental_db`.`images`;

CREATE TABLE IF NOT EXISTS `vacation_rental_db`.`images`
(
    `id`           INT UNSIGNED NOT NULL AUTO_INCREMENT,
    `uuid`         VARCHAR(60)  NOT NULL,
    `house_id`     INT UNSIGNED NOT NULL,
    `typetable_id` INT UNSIGNED NOT NULL,
    PRIMARY KEY (`id`),
    CONSTRAINT `fk_Image_House1`
        FOREIGN KEY (`house_id`)
            REFERENCES `vacation_rental_db`.`houses` (`id`)
            ON DELETE CASCADE
            ON UPDATE NO ACTION,
    CONSTRAINT `fk_Image_Typetable1`
        FOREIGN KEY (`typetable_id`)
            REFERENCES `vacation_rental_db`.`typetables` (`id`)
            ON DELETE NO ACTION
            ON UPDATE NO ACTION
)
    ENGINE = InnoDB;

CREATE UNIQUE INDEX `ID_UNIQUE` ON `vacation_rental_db`.`images` (`id` ASC);

CREATE INDEX `fk_Image_House1_idx` ON `vacation_rental_db`.`images` (`house_id` ASC);

CREATE INDEX `fk_Image_Typetable1_idx` ON `vacation_rental_db`.`images` (`typetable_id` ASC);


-- -----------------------------------------------------
-- Table `vacation_rental_db`.`bookings`
-- -----------------------------------------------------
DROP TABLE IF EXISTS `vacation_rental_db`.`bookings`;

CREATE TABLE IF NOT EXISTS `vacation_rental_db`.`bookings`
(
    `id`           INT UNSIGNED NOT NULL AUTO_INCREMENT,
    `is_confirmed` TINYINT      NOT NULL DEFAULT 0,
    `booked_at`    TIMESTAMP    NULL,
    `user_id`      INT UNSIGNED NOT NULL,
    PRIMARY KEY (`id`),
    CONSTRAINT `fk_Booking_User1`
        FOREIGN KEY (`user_id`)
            REFERENCES `vacation_rental_db`.`users` (`id`)
            ON DELETE NO ACTION
            ON UPDATE NO ACTION
)
    ENGINE = InnoDB;

CREATE UNIQUE INDEX `ID_UNIQUE` ON `vacation_rental_db`.`bookings` (`id` ASC);

CREATE INDEX `fk_Booking_User1_idx` ON `vacation_rental_db`.`bookings` (`user_id` ASC);


-- -----------------------------------------------------
-- Table `vacation_rental_db`.`options`
-- -----------------------------------------------------
DROP TABLE IF EXISTS `vacation_rental_db`.`options`;

CREATE TABLE IF NOT EXISTS `vacation_rental_db`.`options`
(
    `id`          INT          NOT NULL AUTO_INCREMENT,
    `name`        VARCHAR(45)  NOT NULL,
    `description` TEXT         NOT NULL,
    `price`       DECIMAL      NOT NULL,
    `is_disabled` TINYINT      NOT NULL DEFAULT 1,
    `house_id`    INT UNSIGNED NOT NULL,
    `image_id`    INT UNSIGNED NOT NULL,
    PRIMARY KEY (`id`),
    CONSTRAINT `fk_Option_House1`
        FOREIGN KEY (`house_id`)
            REFERENCES `vacation_rental_db`.`houses` (`id`)
            ON DELETE CASCADE
            ON UPDATE NO ACTION,
    CONSTRAINT `fk_Option_Image1`
        FOREIGN KEY (`image_id`)
            REFERENCES `vacation_rental_db`.`images` (`id`)
            ON DELETE NO ACTION
            ON UPDATE NO ACTION
)
    ENGINE = InnoDB;

CREATE UNIQUE INDEX `ID_UNIQUE` ON `vacation_rental_db`.`options` (`id` ASC);

CREATE INDEX `fk_Option_House1_idx` ON `vacation_rental_db`.`options` (`house_id` ASC);

CREATE INDEX `fk_Option_Image1_idx` ON `vacation_rental_db`.`options` (`image_id` ASC);


-- -----------------------------------------------------
-- Table `vacation_rental_db`.`bookingpositions`
-- -----------------------------------------------------
DROP TABLE IF EXISTS `vacation_rental_db`.`bookingpositions`;

CREATE TABLE IF NOT EXISTS `vacation_rental_db`.`bookingpositions`
(
    `id`                INT UNSIGNED NOT NULL AUTO_INCREMENT,
    `date_start`        DATE         NOT NULL,
    `date_end`          DATE         NOT NULL,
    `price_detail_list` TEXT         NULL,
    `house_id`          INT UNSIGNED NOT NULL,
    `booking_id`        INT UNSIGNED NOT NULL,
    PRIMARY KEY (`id`),
    CONSTRAINT `fk_Bookingposition_House1`
        FOREIGN KEY (`house_id`)
            REFERENCES `vacation_rental_db`.`houses` (`id`)
            ON DELETE NO ACTION
            ON UPDATE NO ACTION,
    CONSTRAINT `fk_Bookingposition_Booking1`
        FOREIGN KEY (`booking_id`)
            REFERENCES `vacation_rental_db`.`bookings` (`id`)
            ON DELETE NO ACTION
            ON UPDATE NO ACTION
)
    ENGINE = InnoDB;

CREATE UNIQUE INDEX `ID_UNIQUE` ON `vacation_rental_db`.`bookingpositions` (`id` ASC);

CREATE INDEX `fk_Bookingposition_House1_idx` ON `vacation_rental_db`.`bookingpositions` (`house_id` ASC);

CREATE INDEX `fk_Bookingposition_Booking1_idx` ON `vacation_rental_db`.`bookingpositions` (`booking_id` ASC);


-- -----------------------------------------------------
-- Table `vacation_rental_db`.`features`
-- -----------------------------------------------------
DROP TABLE IF EXISTS `vacation_rental_db`.`features`;

CREATE TABLE IF NOT EXISTS `vacation_rental_db`.`features`
(
    `id`       INT UNSIGNED NOT NULL AUTO_INCREMENT,
    `name`     VARCHAR(45)  NOT NULL,
    `category` VARCHAR(45)  NOT NULL,
    PRIMARY KEY (`id`)
)
    ENGINE = InnoDB;

CREATE UNIQUE INDEX `id_UNIQUE` ON `vacation_rental_db`.`features` (`id` ASC);


-- -----------------------------------------------------
-- Table `vacation_rental_db`.`houses_has_features`
-- -----------------------------------------------------
DROP TABLE IF EXISTS `vacation_rental_db`.`houses_has_features`;

CREATE TABLE IF NOT EXISTS `vacation_rental_db`.`houses_has_features`
(
    `houses_id`   INT UNSIGNED NOT NULL,
    `features_id` INT UNSIGNED NOT NULL,
    PRIMARY KEY (`houses_id`, `features_id`),
    CONSTRAINT `fk_houses_has_features_houses1`
        FOREIGN KEY (`houses_id`)
            REFERENCES `vacation_rental_db`.`houses` (`id`)
            ON DELETE NO ACTION
            ON UPDATE NO ACTION,
    CONSTRAINT `fk_houses_has_features_features1`
        FOREIGN KEY (`features_id`)
            REFERENCES `vacation_rental_db`.`features` (`id`)
            ON DELETE NO ACTION
            ON UPDATE NO ACTION
)
    ENGINE = InnoDB;

CREATE INDEX `fk_houses_has_features_features1_idx` ON `vacation_rental_db`.`houses_has_features` (`features_id` ASC);

CREATE INDEX `fk_houses_has_features_houses1_idx` ON `vacation_rental_db`.`houses_has_features` (`houses_id` ASC);


-- -----------------------------------------------------
-- Data for table `vacation_rental_db`.`users`
-- -----------------------------------------------------
START TRANSACTION;
USE `vacation_rental_db`;
INSERT INTO `vacation_rental_db`.`users` (`id`, `email`, `password`, `forename`, `surname`)
VALUES (1, 'admin@admin.com', '$2y$10$j3rZkvF.yhHt9IqpKgH4iuzJiEkRCrxBT2PCEBBgbG1xcGLx23YfW', 'admina', 'admin');

COMMIT;


-- -----------------------------------------------------
-- Data for table `vacation_rental_db`.`typetables`
-- -----------------------------------------------------
START TRANSACTION;
USE `vacation_rental_db`;
INSERT INTO `vacation_rental_db`.`typetables` (`id`, `type`)
VALUES (1, 'front');
INSERT INTO `vacation_rental_db`.`typetables` (`id`, `type`)
VALUES (2, 'layout');
INSERT INTO `vacation_rental_db`.`typetables` (`id`, `type`)
VALUES (3, 'option');
INSERT INTO `vacation_rental_db`.`typetables` (`id`, `type`)
VALUES (4, 'other');

COMMIT;


-- -----------------------------------------------------
-- Data for table `vacation_rental_db`.`features`
-- -----------------------------------------------------
START TRANSACTION;
USE `vacation_rental_db`;
INSERT INTO `vacation_rental_db`.`features` (`id`, `name`, `category`)
VALUES (1, 'Föhn', 'Bad');
INSERT INTO `vacation_rental_db`.`features` (`id`, `name`, `category`)
VALUES (2, 'Badewanne', 'Bad');
INSERT INTO `vacation_rental_db`.`features` (`id`, `name`, `category`)
VALUES (3, 'Dusche', 'Bad');
INSERT INTO `vacation_rental_db`.`features` (`id`, `name`, `category`)
VALUES (4, 'Waschmaschine', 'Bad');
INSERT INTO `vacation_rental_db`.`features` (`id`, `name`, `category`)
VALUES (5, 'Spülmaschine', 'Küche');
INSERT INTO `vacation_rental_db`.`features` (`id`, `name`, `category`)
VALUES (6, 'Toaster', 'Küche');
INSERT INTO `vacation_rental_db`.`features` (`id`, `name`, `category`)
VALUES (7, 'Mikrowelle', 'Küche');
INSERT INTO `vacation_rental_db`.`features` (`id`, `name`, `category`)
VALUES (8, 'Eierkocher', 'Küche');
INSERT INTO `vacation_rental_db`.`features` (`id`, `name`, `category`)
VALUES (9, 'WLAN', 'Multimedia');
INSERT INTO `vacation_rental_db`.`features` (`id`, `name`, `category`)
VALUES (10, 'TV', 'Multimedia');
INSERT INTO `vacation_rental_db`.`features` (`id`, `name`, `category`)
VALUES (11, 'Garten', 'Outdoor');
INSERT INTO `vacation_rental_db`.`features` (`id`, `name`, `category`)
VALUES (12, 'Schaukel', 'Outdoor');
INSERT INTO `vacation_rental_db`.`features` (`id`, `name`, `category`)
VALUES (13, 'Strandkorb', 'Outdoor');
INSERT INTO `vacation_rental_db`.`features` (`id`, `name`, `category`)
VALUES (14, 'Pool', 'Outdoor');
INSERT INTO `vacation_rental_db`.`features` (`id`, `name`, `category`)
VALUES (15, 'Parkplatz', 'Outdoor');
INSERT INTO `vacation_rental_db`.`features` (`id`, `name`, `category`)
VALUES (16, 'Auto-Ladestation', 'Outdoor');
INSERT INTO `vacation_rental_db`.`features` (`id`, `name`, `category`)
VALUES (17, 'Klimaanlage', 'Sonstiges');
INSERT INTO `vacation_rental_db`.`features` (`id`, `name`, `category`)
VALUES (18, 'Grill', 'Sonstiges');
INSERT INTO `vacation_rental_db`.`features` (`id`, `name`, `category`)
VALUES (19, 'Kinderstuhl', 'Sonstiges');
INSERT INTO `vacation_rental_db`.`features` (`id`, `name`, `category`)
VALUES (20, 'Haustiere erlaubt', 'Sonstiges');
INSERT INTO `vacation_rental_db`.`features` (`id`, `name`, `category`)
VALUES (21, 'Meerblick', 'Sonstiges');
INSERT INTO `vacation_rental_db`.`features` (`id`, `name`, `category`)
VALUES (22, 'Nichtraucher', 'Sonstiges');
INSERT INTO `vacation_rental_db`.`features` (`id`, `name`, `category`)
VALUES (23, 'Whirlpool', 'Wellness');
INSERT INTO `vacation_rental_db`.`features` (`id`, `name`, `category`)
VALUES (24, 'Sauna', 'Wellness');
INSERT INTO `vacation_rental_db`.`features` (`id`, `name`, `category`)
VALUES (25, 'Kamin', 'Wellness');
INSERT INTO `vacation_rental_db`.`features` (`id`, `name`, `category`)
VALUES (26, 'Fußbodenheizung', 'Wellness');
INSERT INTO `vacation_rental_db`.`features` (`id`, `name`, `category`)
VALUES (27, 'Massagesessel', 'Wellness');

COMMIT;


-- -----------------------------------------------------
-- Data for table `vacation_rental_db`.`house`
-- -----------------------------------------------------
START TRANSACTION;
USE `vacation_rental_db`;
INSERT INTO vacation_rental_db.houses (name, description, price, max_person, postal_code, city, street, house_number, square_meter, room_count, is_disabled, owner_id) VALUES ('Modernes Ferienhaus mit Garten & Terrasse, 300m zum Strand', 'Die Ferienhaus \'Tu Hus in Linde Eck\' steht in zweiter Reihe und ist ruhig gelegen. Bei einer Größe von 55 m², bietet es Platz für drei Personen. Ein Wohnzimmer, 2 Schlafzimmer (Doppelbett und Einzelbett) sowie Küche, Bad/WC und eine Südterrasse. Der Parkplatz befindet sich direkt am Haus.

Das Bad ist mit einer Barriere freien Dusche ausgestattet. Die moderne Einbauküche besitzt einen großen Geschirrspüler, Backofen, Mikrowelle, Cerankochfeld und einen Kühlschrank mit Gefrierfach. (Kinderbesteck vorhanden). So steht einer Selbstversorgung nichts im Wege.
Im unmittelbaren Umfeld kann man aber auch verschiedene Restaurants aufsuchen. Gerne geben wir Ihnen da auch persönlich einige Empfehlungen.

Das Wohnzimmer ist mit einem Kamin ausgestattet und zur Unterhaltung finden sie einen Flachbildschirm sowie den passenden Blue Ray DVD Player (Full HD) und eine Stereoanlage mit ipod Station und MP3 Player.

DSL steht Ihnen selbstverständlich kostenfrei zur Verfügung.


Zum Haus gehört ein Abstellraum für Fahrräder sowie Gartenmöbel, ein Sonnenschirm und ein Grill. Einen Windschutz für den Strand stellen wir Ihnen frei zur Verfügung.

Der Strand, das Ortszentrum, der Bäcker sowie Einkaufsmöglichkeiten sind innerhalb von 5 - 10min. zu erreichen.
Für die Kleinen, findet sich der öffentliche Spielplatz vor der Tür. Falls sie keine eigenen Fahrräder mitbringen möchten, der nächste Fahrradverleih liegt nur 50 m entfernt.
Heil- und Kuranwendungen, sowie Sauna Besuche, können Sie ganzjährig im nahen Kurmittelzentrum nutzen - auch hier geben wir Ihnen gerne einige Empfehlungen.', 44, 3, '46684', 'Kiel', 'Wiesenstraße', 4, 45, 4, 0, 1);
INSERT INTO vacation_rental_db.houses (name, description, price, max_person, postal_code, city, street, house_number, square_meter, room_count, is_disabled, owner_id) VALUES ('Kleine gemütliche Ferienwohnung mit gepflegtem grünen Grundstück', 'Für einen gemütlichen Abend steht Ihnen ein Fernseher zur Verfügung.
Genießen Sie Ihre Ferien in vollen Zügen, bei schönem Wetter auch gerne draußen auf der Terrasse. Für unsere Gäste steht ein PKW - Stellplatz zur Verfügung.
Das ist auch toll: Bettwäsche und Geschirrhandtücher sind inklusive.
Haustiere sind bei uns leider nicht erlaubt. Das Rauchen ist in dieser Ferienwohnung ebenfalls nicht gestattet.', 58, 2, '87795', 'Dortmund', 'Waldweg', 2, 65, 2, 0, 1);
INSERT INTO vacation_rental_db.houses (name, description, price, max_person, postal_code, city, street, house_number, square_meter, room_count, is_disabled, owner_id) VALUES ('Wellnessresidenz Störtebeker WG 9 Nähe zum Strand', 'Exklusiv eingerichtete Ferienwohnug über zwei Etagen (49qm) für 2 Personen. Die Wohnung verfügt über 1 Wohn- und Essraum mit anschließendem Südbalkon und hochwertiger Küchenzeile (inkl. Geschirrspüler), 1 Schlafzimmer mit Doppelbett, 1 geräumiges Badezimmer mit Dusche/WC und anschließendem Südbalkon sowie allem Komfort wie Fußbodenheizung, Fernseher in Wohn- und Schlafzimmer und die Nutzung des hauseigenen Wellnessbereichs. (Bitte die dann vor Ort geltenden Öffnungszeiten beachten)

Zu den bereits o.g. Ausstattungsmerkmalen, bietet die Wohnung noch folgende Highlights:

1 Schlafzimmer mit Doppelbett und TV
Bad mit Dusche
Fußbodenheizung
1 Babyreisebett (Länge 1,20m) ist vorhanden, Matratze muss mitgebracht werden
2 Balkone:
Südbalkon mit Tisch und Stühle
Ostbalkon mit Liegen
1 Tiefgaragenstellplatz
Fahrradkeller
Nichtraucherwohnung
Mückengitter
Waschmaschinennutzung gegen Gebühr
Handtücher und Bettwäsche vorhanden, können aber auch selbst mitgebracht werden
(Gebühr entfällt)', 88, 7, '48755', 'Helgoland', 'Alterweg', 7, 85, 7, 0, 1);
INSERT INTO vacation_rental_db.houses (name, description, price, max_person, postal_code, city, street, house_number, square_meter, room_count, is_disabled, owner_id) VALUES ('Gemütliche Ferienwohnung mit Lehmputzen', 'Ferienwohnung Seeigel, 30qm, Wohnzimmer, 1 Schlafzimmer, Küche, Bad, TV, WLAN, Terrasse mit Gartenmöbeln, Lehmputze, Parkplatz 20m vom Haus, waldnahes, ruhiges Grundstück, alter Baumbestand, zum Nordstrand 1,5km ( mit dem Fahrrad 5min.), zum Weststrand im Nationalpark 6km ( 30min mit dem Fahrrad)

Die Mehrzahl meiner Gäste hatte eine glückliche Zeit. In seltenen Fällen gab es Enttäuschungen. Ob die Ferienwohnung Seeigel für Sie das richtige Urlaubsdomizil ist, hängt auch von ihren persönlichen Ansprüchen und Erwartungen ab.

Um es gleich vorwegzunehmen – ja, es gibt hier auch Spinnen. Vielleicht etwas mehr als woanders, was mit der wunderschönen 200-jährigen Eiche direkt am Haus zusammenhängt.

Die ursprünglich als Blitzableiter gepflanzte Eiche ist in gut 2 Jahrhunderten zu einem beeindruckenden Baum mit Charakter herangewachsen. Manche Gäste erinnert sie an den Zauberwald in“ Herr der Ringe“.
Ihre märchenhafte Erscheinung verdankt sie einer Wucherung in 2-3 m Höhe, mit der sie laut Auskunft mehrerer Förster gut leben kann. In manchen Jahren nisten Ringeltauben in den oberen Stockwerken der Krone.
Mit seiner rauen Rinde bietet die Eiche einer Vielzahl an Käfern, Insekten und auch Spinnen einen willkommenen Lebensraum. Die wenigen Meter bis zum Haus sind für sie kein Hindernis. So gut es geht entferne ich bei jeder Endreinigung die in den Wohnungen befindlichen Spinnen und Spinnweben. Sie vollständig und auf Dauer zu entfernen ist allerdings eine unlösbare Aufgabe. Ich habe es schon mit einem Ultraschall-Störsender versucht, angeblich mit hoher Wirksamkeit gegenüber den in Europa heimischen Spinnen. Es hat nicht funktioniert.

Das Grundstück ist nicht eingezäunt und hat eine natürliche Begrenzung durch den Wald und alte Dünen, gut zu erkennen an den Dünenkiefern mit ihrem eigenwilligen Wuchs. Die offizielle Straße und die Zufahrt Schmiedeberge 18 sind ausgefahrene Sandwege, bei Trockenheit staubig und bei Regen matschig.

Fahrradverleih 400m, Bäcker 800m, Edeka 1km, nächster Strand 1,7km. Den Westrand, der zu den schönsten Stränden Europas zählt, erreicht man in 20-30min mit dem Fahrrad (6km). Der Weg dorthin führt durch einen der letzten Urwälder Europas. Durch den schnellen Wechsel von Wald- und Seeluft bei der Fahrt zum Strand genießen Sie intensiv die Vorzüge des Reizklimas, das für seine belebende und heilende Wirkung bekannt ist.', 80, 3, '4', 'Bremen', 'Bahnhof', 3, 22, 4, 0, 1);
INSERT INTO vacation_rental_db.houses (name, description, price, max_person, postal_code, city, street, house_number, square_meter, room_count, is_disabled, owner_id) VALUES ('modernes Ferienhaus mit Charme', 'Niedliches Ferienhaus mit 2 Schlafgelegenheiten im Zentrum vom Ostseebad Prerow. Verleben Sie Ihren Urlaub in entspannter, moderner Atmosphäre. Das Haus ist mit allem Komfort der heutigen Zeit eingerichtet. In der Küche finden Sie Spülmaschine, Herd, Backofen und Mikrowelle. Das Badezimmer besitzt eine ebenerdige Dusche. Das im Obergeschoß befindliche Schlafzimmer verfügt über ein Doppelbett. Im Wohnzimmer, welches mit dem Bad und der Küche sich im Erdgeschoss befindet, ist mit einer Couch ausgestattet.

2021 fanden die derzeit letzten Renovierungsarbeiten statt.
', 29, 4, '57224', 'Hamburg', 'Brunnegasse', 7, 58, 7, 0, 1);

-- images
INSERT INTO vacation_rental_db.images (uuid, house_id, typetable_id) VALUES ('1_front.jpg', 1, 1);
INSERT INTO vacation_rental_db.images (uuid, house_id, typetable_id) VALUES ('1_layout.png', 1, 2);
INSERT INTO vacation_rental_db.images (uuid, house_id, typetable_id) VALUES ('1_other_1.jpg', 1, 4);
INSERT INTO vacation_rental_db.images (uuid, house_id, typetable_id) VALUES ('1_other_2.jpg', 1, 4);

INSERT INTO vacation_rental_db.images (uuid, house_id, typetable_id) VALUES ('2_front.jpg', 2, 1);
INSERT INTO vacation_rental_db.images (uuid, house_id, typetable_id) VALUES ('2_layout.png', 2, 2);
INSERT INTO vacation_rental_db.images (uuid, house_id, typetable_id) VALUES ('2_other_1.jpg', 2, 4);
INSERT INTO vacation_rental_db.images (uuid, house_id, typetable_id) VALUES ('2_other_2.jpg', 2, 4);

INSERT INTO vacation_rental_db.images (uuid, house_id, typetable_id) VALUES ('3_front.jpg', 3, 1);
INSERT INTO vacation_rental_db.images (uuid, house_id, typetable_id) VALUES ('3_layout.jpg', 3, 2);
INSERT INTO vacation_rental_db.images (uuid, house_id, typetable_id) VALUES ('3_other_1.jpg', 3, 4);
INSERT INTO vacation_rental_db.images (uuid, house_id, typetable_id) VALUES ('3_other_2.jpg', 3, 4);
INSERT INTO vacation_rental_db.images (uuid, house_id, typetable_id) VALUES ('3_other_3.jpg', 3, 4);
INSERT INTO vacation_rental_db.images (uuid, house_id, typetable_id) VALUES ('3_option_1.jpg', 3, 3);
INSERT INTO vacation_rental_db.images (uuid, house_id, typetable_id) VALUES ('3_option_2.jpg', 3, 3);
INSERT INTO vacation_rental_db.images (uuid, house_id, typetable_id) VALUES ('3_option_3.png', 3, 3);
INSERT INTO vacation_rental_db.images (uuid, house_id, typetable_id) VALUES ('3_option_4.jpg', 3, 3);
INSERT INTO vacation_rental_db.images (uuid, house_id, typetable_id) VALUES ('3_option_5.jpg', 3, 3);

INSERT INTO vacation_rental_db.images (uuid, house_id, typetable_id) VALUES ('4_front.jpg', 4, 1);
INSERT INTO vacation_rental_db.images (uuid, house_id, typetable_id) VALUES ('4_layout.jpg', 4, 2);
INSERT INTO vacation_rental_db.images (uuid, house_id, typetable_id) VALUES ('4_other_1.jpg', 4, 4);
INSERT INTO vacation_rental_db.images (uuid, house_id, typetable_id) VALUES ('4_other_2.jpg', 4, 4);
INSERT INTO vacation_rental_db.images (uuid, house_id, typetable_id) VALUES ('4_other_3.jpg', 4, 4);

INSERT INTO vacation_rental_db.images (uuid, house_id, typetable_id) VALUES ('5_front.jpg', 5, 1);
INSERT INTO vacation_rental_db.images (uuid, house_id, typetable_id) VALUES ('5_layout.jpg', 5, 2);
INSERT INTO vacation_rental_db.images (uuid, house_id, typetable_id) VALUES ('5_other_1.jpg', 5, 4);
INSERT INTO vacation_rental_db.images (uuid, house_id, typetable_id) VALUES ('5_other_2.jpg', 5, 4);


-- features
INSERT INTO vacation_rental_db.houses_has_features (houses_id, features_id) VALUES (1, 1);
INSERT INTO vacation_rental_db.houses_has_features (houses_id, features_id) VALUES (1, 3);
INSERT INTO vacation_rental_db.houses_has_features (houses_id, features_id) VALUES (1, 5);
INSERT INTO vacation_rental_db.houses_has_features (houses_id, features_id) VALUES (1, 7);
INSERT INTO vacation_rental_db.houses_has_features (houses_id, features_id) VALUES (2, 3);
INSERT INTO vacation_rental_db.houses_has_features (houses_id, features_id) VALUES (2, 12);
INSERT INTO vacation_rental_db.houses_has_features (houses_id, features_id) VALUES (2, 13);
INSERT INTO vacation_rental_db.houses_has_features (houses_id, features_id) VALUES (2, 18);
INSERT INTO vacation_rental_db.houses_has_features (houses_id, features_id) VALUES (3, 1);
INSERT INTO vacation_rental_db.houses_has_features (houses_id, features_id) VALUES (3, 2);
INSERT INTO vacation_rental_db.houses_has_features (houses_id, features_id) VALUES (3, 3);
INSERT INTO vacation_rental_db.houses_has_features (houses_id, features_id) VALUES (3, 4);
INSERT INTO vacation_rental_db.houses_has_features (houses_id, features_id) VALUES (3, 5);
INSERT INTO vacation_rental_db.houses_has_features (houses_id, features_id) VALUES (3, 6);
INSERT INTO vacation_rental_db.houses_has_features (houses_id, features_id) VALUES (3, 7);
INSERT INTO vacation_rental_db.houses_has_features (houses_id, features_id) VALUES (3, 8);
INSERT INTO vacation_rental_db.houses_has_features (houses_id, features_id) VALUES (3, 9);
INSERT INTO vacation_rental_db.houses_has_features (houses_id, features_id) VALUES (3, 10);
INSERT INTO vacation_rental_db.houses_has_features (houses_id, features_id) VALUES (3, 11);
INSERT INTO vacation_rental_db.houses_has_features (houses_id, features_id) VALUES (3, 17);
INSERT INTO vacation_rental_db.houses_has_features (houses_id, features_id) VALUES (3, 18);
INSERT INTO vacation_rental_db.houses_has_features (houses_id, features_id) VALUES (3, 19);
INSERT INTO vacation_rental_db.houses_has_features (houses_id, features_id) VALUES (3, 21);
INSERT INTO vacation_rental_db.houses_has_features (houses_id, features_id) VALUES (3, 25);
INSERT INTO vacation_rental_db.houses_has_features (houses_id, features_id) VALUES (4, 4);
INSERT INTO vacation_rental_db.houses_has_features (houses_id, features_id) VALUES (4, 10);
INSERT INTO vacation_rental_db.houses_has_features (houses_id, features_id) VALUES (4, 17);
INSERT INTO vacation_rental_db.houses_has_features (houses_id, features_id) VALUES (4, 22);
INSERT INTO vacation_rental_db.houses_has_features (houses_id, features_id) VALUES (5, 14);
INSERT INTO vacation_rental_db.houses_has_features (houses_id, features_id) VALUES (5, 15);
INSERT INTO vacation_rental_db.houses_has_features (houses_id, features_id) VALUES (5, 21);
INSERT INTO vacation_rental_db.houses_has_features (houses_id, features_id) VALUES (5, 24);

-- options
INSERT INTO vacation_rental_db.options (id, name, description, price, is_disabled, house_id, image_id) VALUES (1, 'Garage', 'Hier steht ihr Auto immer im Trockenen und sie müssen sich keine Sorgen um Witterung machen', 99, 0, 3, 14);
INSERT INTO vacation_rental_db.options (id, name, description, price, is_disabled, house_id, image_id) VALUES (2, 'Spielplatz', 'Kein Bock mehr auf ihre Kinder, sperren Sie sie einfach für einen Tag auf dem Spielplatz ein. Durch abgelegene Lage werden weder Sie noch ihre Nachbarn durch lautes Schreien oder ähnliches gestört.', 25, 0, 3, 15);
INSERT INTO vacation_rental_db.options (id, name, description, price, is_disabled, house_id, image_id) VALUES (3, 'Sauna', 'Nehmen Sie die Sauna überall mit hin wo sie hinfahren', 10, 0, 3, 16);
INSERT INTO vacation_rental_db.options (id, name, description, price, is_disabled, house_id, image_id) VALUES (4, 'Fitness', 'Anabolika vergessen? Kein Problem, hier können Sie auch mal auf die altmodische art Trainieren.', 9, 0, 3, 17);
INSERT INTO vacation_rental_db.options (id, name, description, price, is_disabled, house_id, image_id) VALUES (5, 'Kayak', 'Entspannen Sie einen Tag alleine. Da wir nur ein Kayak anbieten, können Sie sich sicher sein, dass Sie auf dem See von niemanden sonst gestört werden.', 35, 0, 3, 18);

COMMIT;

SET SQL_MODE = @OLD_SQL_MODE;
SET FOREIGN_KEY_CHECKS = @OLD_FOREIGN_KEY_CHECKS;
SET UNIQUE_CHECKS = @OLD_UNIQUE_CHECKS;